Profile,SMF,L,b,Run,Seed,r,s,Status,Quality,Time_s,Wall_time_s,Subtours,Error_type,Error_message,Source,Solved,TimedOut,Errored,Quality_optimal,Time_optimal_s,Subtours_optimal,Termination_time_s
Fast,2,62,12,1,40880911,1,3,OK,-245.0,0.7315852910032845,0.7797612920039683,0,,,baseline_checkpoint,True,False,False,-245.0,0.7315852910032845,0,0.7797612920039683
Fast,2,62,12,1,40880911,1,4,OK,-245.0,0.692901792000157,0.7370764999996027,0,,,sensitivity_run,True,False,False,-245.0,0.692901792000157,0,0.7370764999996027
Fast,2,62,12,1,40880911,1,5,OK,-245.0,0.6556920840002931,0.7007811249995939,0,,,sensitivity_run,True,False,False,-245.0,0.6556920840002931,0,0.7007811249995939
Fast,2,62,12,1,40880911,2,3,OK,-245.0,0.7468283329999394,0.7915348750002522,0,,,sensitivity_run,True,False,False,-245.0,0.7468283329999394,0,0.7915348750002522
Fast,2,62,12,1,40880911,3,3,OK,-245.0,0.7388384580008278,0.7832446659995185,0,,,sensitivity_run,True,False,False,-245.0,0.7388384580008278,0,0.7832446659995185
Fast,2,62,12,2,40880912,1,3,OK,-215.0,0.8992880000005243,0.9473762499983422,0,,,baseline_checkpoint,True,False,False,-215.0,0.8992880000005243,0,0.9473762499983422
Fast,2,62,12,2,40880912,1,4,OK,-215.0,0.6808562500000335,0.7262058750002325,0,,,sensitivity_run,True,False,False,-215.0,0.6808562500000335,0,0.7262058750002325
Fast,2,62,12,2,40880912,1,5,OK,-215.0,0.6139601669992771,0.6586734999991677,0,,,sensitivity_run,True,False,False,-215.0,0.6139601669992771,0,0.6586734999991677
Fast,2,62,12,2,40880912,2,3,OK,-265.0,0.9871180419995652,1.031705458000033,1,,,sensitivity_run,True,False,False,-265.0,0.9871180419995652,1,1.031705458000033
Fast,2,62,12,2,40880912,3,3,OK,-265.0,0.9759950839998056,1.0207479999999125,1,,,sensitivity_run,True,False,False,-265.0,0.9759950839998056,1,1.0207479999999125
Fast,2,62,12,3,40880913,1,3,OK,-245.0,0.3083571669994853,0.3581357500006561,0,,,baseline_checkpoint,True,False,False,-245.0,0.3083571669994853,0,0.3581357500006561
Fast,2,62,12,3,40880913,1,4,OK,-245.0,0.3196062090000851,0.3642865419997179,0,,,sensitivity_run,True,False,False,-245.0,0.3196062090000851,0,0.3642865419997179
Fast,2,62,12,3,40880913,1,5,OK,-245.0,0.3215888329996232,0.3658498330005386,0,,,sensitivity_run,True,False,False,-245.0,0.3215888329996232,0,0.3658498330005386
Fast,2,62,12,3,40880913,2,3,OK,-280.0,0.9224448750001102,0.96654558299997,1,,,sensitivity_run,True,False,False,-280.0,0.9224448750001102,1,0.96654558299997
Fast,2,62,12,3,40880913,3,3,OK,-315.0,1.0185916250002265,1.062892416000068,1,,,sensitivity_run,True,False,False,-315.0,1.0185916250002265,1,1.062892416000068
Fast,2,62,12,4,40880914,1,3,OK,-230.0,0.7103866250035935,0.7583942920027766,1,,,baseline_checkpoint,True,False,False,-230.0,0.7103866250035935,1,0.7583942920027766
Fast,2,62,12,4,40880914,1,4,OK,-230.0,0.7716013749995909,0.8173877919998631,1,,,sensitivity_run,True,False,False,-230.0,0.7716013749995909,1,0.8173877919998631
Fast,2,62,12,4,40880914,1,5,OK,-230.0,0.3384043750002092,0.3838521249999758,0,,,sensitivity_run,True,False,False,-230.0,0.3384043750002092,0,0.3838521249999758
Fast,2,62,12,4,40880914,2,3,OK,-250.0,1.276321459000428,1.3209993340005894,1,,,sensitivity_run,True,False,False,-250.0,1.276321459000428,1,1.3209993340005894
Fast,2,62,12,4,40880914,3,3,OK,-250.0,1.312082833000204,1.356716208000762,1,,,sensitivity_run,True,False,False,-250.0,1.312082833000204,1,1.356716208000762
Fast,2,62,12,5,40880915,1,3,OK,-230.0,1.609334166998451,1.658153125004901,2,,,baseline_checkpoint,True,False,False,-230.0,1.609334166998451,2,1.658153125004901
Fast,2,62,12,5,40880915,1,4,OK,-245.0,0.5842204999999012,0.6290385000002061,0,,,sensitivity_run,True,False,False,-245.0,0.5842204999999012,0,0.6290385000002061
Fast,2,62,12,5,40880915,1,5,OK,-245.0,1.6771369580001192,1.7219164170001022,1,,,sensitivity_run,True,False,False,-245.0,1.6771369580001192,1,1.7219164170001022
Fast,2,62,12,5,40880915,2,3,OK,-250.0,1.6587765829999626,1.7034910839993245,1,,,sensitivity_run,True,False,False,-250.0,1.6587765829999626,1,1.7034910839993245
Fast,2,62,12,5,40880915,3,3,OK,-250.0,1.6507185830005255,1.695001584000238,1,,,sensitivity_run,True,False,False,-250.0,1.6507185830005255,1,1.695001584000238
Fast,2,62,12,6,40880916,1,3,OK,-245.0,0.728838832998008,0.790919582999777,1,,,baseline_checkpoint,True,False,False,-245.0,0.728838832998008,1,0.790919582999777
Fast,2,62,12,6,40880916,1,4,OK,-245.0,1.501794582999537,1.5470567920001486,1,,,sensitivity_run,True,False,False,-245.0,1.501794582999537,1,1.5470567920001486
Fast,2,62,12,6,40880916,1,5,OK,-245.0,1.71136262500022,1.755759874999967,1,,,sensitivity_run,True,False,False,-245.0,1.71136262500022,1,1.755759874999967
Fast,2,62,12,6,40880916,2,3,OK,-280.0,1.1365415840000423,1.18198379200021,1,,,sensitivity_run,True,False,False,-280.0,1.1365415840000423,1,1.18198379200021
Fast,2,62,12,6,40880916,3,3,OK,-280.0,1.1399594169997729,1.1847268749997966,1,,,sensitivity_run,True,False,False,-280.0,1.1399594169997729,1,1.1847268749997966
Fast,2,62,12,7,40880917,1,3,OK,-230.0,0.5442535830006818,0.593306582995865,0,,,baseline_checkpoint,True,False,False,-230.0,0.5442535830006818,0,0.593306582995865
Fast,2,62,12,7,40880917,1,4,OK,-230.0,1.2555641250000915,1.3001528330005383,2,,,sensitivity_run,True,False,False,-230.0,1.2555641250000915,2,1.3001528330005383
Fast,2,62,12,7,40880917,1,5,OK,-230.0,0.7328176659993915,0.7774035419997745,0,,,sensitivity_run,True,False,False,-230.0,0.7328176659993915,0,0.7774035419997745
Fast,2,62,12,7,40880917,2,3,OK,-265.0,3.8692940839991934,3.914271957999517,8,,,sensitivity_run,True,False,False,-265.0,3.8692940839991934,8,3.914271957999517
Fast,2,62,12,7,40880917,3,3,OK,-265.0,3.8508609999998953,3.895338541000456,8,,,sensitivity_run,True,False,False,-265.0,3.8508609999998953,8,3.895338541000456
Fast,2,62,12,8,40880918,1,3,OK,-230.0,0.7087968749983702,0.7581030840010499,0,,,baseline_checkpoint,True,False,False,-230.0,0.7087968749983702,0,0.7581030840010499
Fast,2,62,12,8,40880918,1,4,OK,-230.0,0.9301988750003148,0.9753105419995336,0,,,sensitivity_run,True,False,False,-230.0,0.9301988750003148,0,0.9753105419995336
Fast,2,62,12,8,40880918,1,5,OK,-230.0,0.8938767910003662,0.9389803750000284,0,,,sensitivity_run,True,False,False,-230.0,0.8938767910003662,0,0.9389803750000284
Fast,2,62,12,8,40880918,2,3,OK,-265.0,0.5974517079994257,0.6428345000003901,0,,,sensitivity_run,True,False,False,-265.0,0.5974517079994257,0,0.6428345000003901
Fast,2,62,12,8,40880918,3,3,OK,-265.0,0.6035360000005312,0.6481292920007036,0,,,sensitivity_run,True,False,False,-265.0,0.6035360000005312,0,0.6481292920007036
Fast,2,62,12,9,40880919,1,3,OK,-200.0,0.4596945829980541,0.5080234999986715,0,,,baseline_checkpoint,True,False,False,-200.0,0.4596945829980541,0,0.5080234999986715
Fast,2,62,12,9,40880919,1,4,OK,-200.0,0.6204318749996673,0.6654963749997478,0,,,sensitivity_run,True,False,False,-200.0,0.6204318749996673,0,0.6654963749997478
Fast,2,62,12,9,40880919,1,5,OK,-200.0,0.6099227089998749,0.6546193329995731,0,,,sensitivity_run,True,False,False,-200.0,0.6099227089998749,0,0.6546193329995731
Fast,2,62,12,9,40880919,2,3,OK,-200.0,0.4602690420006183,0.5049680000001899,0,,,sensitivity_run,True,False,False,-200.0,0.4602690420006183,0,0.5049680000001899
Fast,2,62,12,9,40880919,3,3,OK,-200.0,0.4678423750001457,0.5130010840002797,0,,,sensitivity_run,True,False,False,-200.0,0.4678423750001457,0,0.5130010840002797
Fast,2,62,12,10,40880920,1,3,OK,-200.0,0.6308797080055228,0.6796620829991298,0,,,baseline_checkpoint,True,False,False,-200.0,0.6308797080055228,0,0.6796620829991298
Fast,2,62,12,10,40880920,1,4,OK,-200.0,0.589558083999691,0.6472417920003863,0,,,sensitivity_run,True,False,False,-200.0,0.589558083999691,0,0.6472417920003863
Fast,2,62,12,10,40880920,1,5,OK,-200.0,0.5916880830000082,0.6362738339994394,0,,,sensitivity_run,True,False,False,-200.0,0.5916880830000082,0,0.6362738339994394
Fast,2,62,12,10,40880920,2,3,OK,-235.0,1.3837989999992717,1.428793250000126,2,,,sensitivity_run,True,False,False,-235.0,1.3837989999992717,2,1.428793250000126
Fast,2,62,12,10,40880920,3,3,OK,-270.0,0.3996058749999065,0.444565374999911,0,,,sensitivity_run,True,False,False,-270.0,0.3996058749999065,0,0.444565374999911
Fast,2,62,12,11,40880921,1,3,OK,-215.0,2.404556582994701,2.453552833001595,3,,,baseline_checkpoint,True,False,False,-215.0,2.404556582994701,3,2.453552833001595
Fast,2,62,12,11,40880921,1,4,OK,-230.0,0.5485205420000057,0.6196327499992549,0,,,sensitivity_run,True,False,False,-230.0,0.5485205420000057,0,0.6196327499992549
Fast,2,62,12,11,40880921,1,5,OK,-230.0,0.630893040999581,0.6825296670003809,0,,,sensitivity_run,True,False,False,-230.0,0.630893040999581,0,0.6825296670003809
Fast,2,62,12,11,40880921,2,3,OK,-240.0,4.031977374999769,4.07724695899924,5,,,sensitivity_run,True,False,False,-240.0,4.031977374999769,5,4.07724695899924
Fast,2,62,12,11,40880921,3,3,OK,-240.0,4.045888915999967,4.090403834000426,5,,,sensitivity_run,True,False,False,-240.0,4.045888915999967,5,4.090403834000426
Fast,2,62,12,12,40880922,1,3,OK,-230.0,0.6901723330011009,0.739243833006185,0,,,baseline_checkpoint,True,False,False,-230.0,0.6901723330011009,0,0.739243833006185
Fast,2,62,12,12,40880922,1,4,OK,-230.0,3.0263506250003047,3.0708886249994976,4,,,sensitivity_run,True,False,False,-230.0,3.0263506250003047,4,3.0708886249994976
Fast,2,62,12,12,40880922,1,5,OK,-230.0,2.631891374999213,2.676780542000415,4,,,sensitivity_run,True,False,False,-230.0,2.631891374999213,4,2.676780542000415
Fast,2,62,12,12,40880922,2,3,OK,-265.0,1.7443917079999665,1.789633583000068,4,,,sensitivity_run,True,False,False,-265.0,1.7443917079999665,4,1.789633583000068
Fast,2,62,12,12,40880922,3,3,OK,-285.0,0.6051417079997918,0.649725041000238,0,,,sensitivity_run,True,False,False,-285.0,0.6051417079997918,0,0.649725041000238
Fast,2,62,12,13,40880923,1,3,OK,-215.0,0.7452938750066096,0.7940085840018583,0,,,baseline_checkpoint,True,False,False,-215.0,0.7452938750066096,0,0.7940085840018583
Fast,2,62,12,13,40880923,1,4,OK,-230.0,0.5650583750002625,0.610020459000225,0,,,sensitivity_run,True,False,False,-230.0,0.5650583750002625,0,0.610020459000225
Fast,2,62,12,13,40880923,1,5,OK,-230.0,1.418682292000085,1.46395370800019,1,,,sensitivity_run,True,False,False,-230.0,1.418682292000085,1,1.46395370800019
Fast,2,62,12,13,40880923,2,3,OK,-225.0,7.0319622499991965,7.0769268750000265,8,,,sensitivity_run,True,False,False,-225.0,7.0319622499991965,8,7.0769268750000265
Fast,2,62,12,13,40880923,3,3,OK,-225.0,7.085603542000172,7.130341791999854,8,,,sensitivity_run,True,False,False,-225.0,7.085603542000172,8,7.130341791999854
Fast,2,62,12,14,40880924,1,3,OK,-215.0,1.0636292080016574,1.1126733749988489,1,,,baseline_checkpoint,True,False,False,-215.0,1.0636292080016574,1,1.1126733749988489
Fast,2,62,12,14,40880924,1,4,OK,-215.0,0.6577581250003277,0.7030191670000931,0,,,sensitivity_run,True,False,False,-215.0,0.6577581250003277,0,0.7030191670000931
Fast,2,62,12,14,40880924,1,5,OK,-215.0,0.4414304169995375,0.4862046669995834,0,,,sensitivity_run,True,False,False,-215.0,0.4414304169995375,0,0.4862046669995834
Fast,2,62,12,14,40880924,2,3,OK,-250.0,0.6029226669998025,0.6475130829994669,0,,,sensitivity_run,True,False,False,-250.0,0.6029226669998025,0,0.6475130829994669
Fast,2,62,12,14,40880924,3,3,OK,-300.0,1.4545892499991169,1.4990766249993612,1,,,sensitivity_run,True,False,False,-300.0,1.4545892499991169,1,1.4990766249993612
Fast,2,62,12,15,40880925,1,3,OK,-215.0,1.323969124998257,1.3732367909979075,1,,,baseline_checkpoint,True,False,False,-215.0,1.323969124998257,1,1.3732367909979075
Fast,2,62,12,15,40880925,1,4,OK,-230.0,0.9048286249999364,0.9496298329995624,1,,,sensitivity_run,True,False,False,-230.0,0.9048286249999364,1,0.9496298329995624
Fast,2,62,12,15,40880925,1,5,OK,-230.0,1.6245484999999462,1.6693782920001468,2,,,sensitivity_run,True,False,False,-230.0,1.6245484999999462,2,1.6693782920001468
Fast,2,62,12,15,40880925,2,3,OK,-250.0,2.3207447909999246,2.3650010000001203,3,,,sensitivity_run,True,False,False,-250.0,2.3207447909999246,3,2.3650010000001203
Fast,2,62,12,15,40880925,3,3,OK,-285.0,2.14379850000023,2.1881381249995684,3,,,sensitivity_run,True,False,False,-285.0,2.14379850000023,3,2.1881381249995684
Fast,2,62,12,16,40880926,1,3,OK,-245.0,0.4008126670014462,0.449877999999444,0,,,baseline_checkpoint,True,False,False,-245.0,0.4008126670014462,0,0.449877999999444
Fast,2,62,12,16,40880926,1,4,OK,-245.0,0.4010349159998441,0.445698875000744,0,,,sensitivity_run,True,False,False,-245.0,0.4010349159998441,0,0.445698875000744
Fast,2,62,12,16,40880926,1,5,OK,-245.0,1.5187936669999544,1.5754780420002137,2,,,sensitivity_run,True,False,False,-245.0,1.5187936669999544,2,1.5754780420002137
Fast,2,62,12,16,40880926,2,3,OK,-280.0,0.9811131249998652,1.0260636659995723,1,,,sensitivity_run,True,False,False,-280.0,0.9811131249998652,1,1.0260636659995723
Fast,2,62,12,16,40880926,3,3,OK,-315.0,0.6863412499997139,0.7317708750006204,0,,,sensitivity_run,True,False,False,-315.0,0.6863412499997139,0,0.7317708750006204
Fast,2,62,12,17,40880927,1,3,OK,-215.0,0.8977944579964969,0.9470462499957648,0,,,baseline_checkpoint,True,False,False,-215.0,0.8977944579964969,0,0.9470462499957648
Fast,2,62,12,17,40880927,1,4,OK,-215.0,1.912804167000104,1.9579619579999417,2,,,sensitivity_run,True,False,False,-215.0,1.912804167000104,2,1.9579619579999417
Fast,2,62,12,17,40880927,1,5,OK,-215.0,1.660684874999788,1.7052082500003962,1,,,sensitivity_run,True,False,False,-215.0,1.660684874999788,1,1.7052082500003962
Fast,2,62,12,17,40880927,2,3,OK,-265.0,3.4338222080004925,3.4787080830001287,3,,,sensitivity_run,True,False,False,-265.0,3.4338222080004925,3,3.4787080830001287
Fast,2,62,12,17,40880927,3,3,OK,-315.0,0.407860499999515,0.4534732910005914,0,,,sensitivity_run,True,False,False,-315.0,0.407860499999515,0,0.4534732910005914
Fast,2,62,12,18,40880928,1,3,OK,-230.0,1.4277632500015898,1.47700666700257,1,,,baseline_checkpoint,True,False,False,-230.0,1.4277632500015898,1,1.47700666700257
Fast,2,62,12,18,40880928,1,4,OK,-230.0,1.0037125420003576,1.0482162499993135,0,,,sensitivity_run,True,False,False,-230.0,1.0037125420003576,0,1.0482162499993135
Fast,2,62,12,18,40880928,1,5,OK,-230.0,0.8626455420007915,0.910142500000802,0,,,sensitivity_run,True,False,False,-230.0,0.8626455420007915,0,0.910142500000802
Fast,2,62,12,18,40880928,2,3,OK,-265.0,0.6567962090002766,0.7012401659994794,0,,,sensitivity_run,True,False,False,-265.0,0.6567962090002766,0,0.7012401659994794
Fast,2,62,12,18,40880928,3,3,OK,-300.0,2.1674654999997074,2.2119308750006894,2,,,sensitivity_run,True,False,False,-300.0,2.1674654999997074,2,2.2119308750006894
Fast,2,62,12,19,40880929,1,3,OK,-245.0,0.6557465000005323,0.7042143330036197,0,,,baseline_checkpoint,True,False,False,-245.0,0.6557465000005323,0,0.7042143330036197
Fast,2,62,12,19,40880929,1,4,OK,-245.0,2.0172291660001065,2.0611197920006816,2,,,sensitivity_run,True,False,False,-245.0,2.0172291660001065,2,2.0611197920006816
Fast,2,62,12,19,40880929,1,5,OK,-245.0,2.091590834000272,2.1351732499997524,2,,,sensitivity_run,True,False,False,-245.0,2.091590834000272,2,2.1351732499997524
Fast,2,62,12,19,40880929,2,3,OK,-280.0,0.604626957999244,0.6510967499998515,0,,,sensitivity_run,True,False,False,-280.0,0.604626957999244,0,0.6510967499998515
Fast,2,62,12,19,40880929,3,3,OK,-280.0,0.6049737089997507,0.6513820829995893,0,,,sensitivity_run,True,False,False,-280.0,0.6049737089997507,0,0.6513820829995893
Fast,2,62,12,20,40880930,1,3,OK,-215.0,1.0312570000023698,1.093436915994971,1,,,baseline_checkpoint,True,False,False,-215.0,1.0312570000023698,1,1.093436915994971
Fast,2,62,12,20,40880930,1,4,OK,-215.0,0.187528208999538,0.2299610830004894,0,,,sensitivity_run,True,False,False,-215.0,0.187528208999538,0,0.2299610830004894
Fast,2,62,12,20,40880930,1,5,OK,-215.0,0.183432291999452,0.2260194580003371,0,,,sensitivity_run,True,False,False,-215.0,0.183432291999452,0,0.2260194580003371
Fast,2,62,12,20,40880930,2,3,OK,-265.0,1.621155751000515,1.6815138339998157,1,,,sensitivity_run,True,False,False,-265.0,1.621155751000515,1,1.6815138339998157
Fast,2,62,12,20,40880930,3,3,OK,-265.0,1.3761996249995718,1.4262454170002457,1,,,sensitivity_run,True,False,False,-265.0,1.3761996249995718,1,1.4262454170002457
Fast,2,62,12,21,40880931,1,3,OK,-245.0,1.333012624992989,1.381961291997868,2,,,baseline_checkpoint,True,False,False,-245.0,1.333012624992989,2,1.381961291997868
Fast,2,62,12,21,40880931,1,4,OK,-245.0,2.251315208000051,2.29446816699965,2,,,sensitivity_run,True,False,False,-245.0,2.251315208000051,2,2.29446816699965
Fast,2,62,12,21,40880931,1,5,OK,-245.0,1.2850273330004711,1.3330179579998005,2,,,sensitivity_run,True,False,False,-245.0,1.2850273330004711,2,1.3330179579998005
Fast,2,62,12,21,40880931,2,3,OK,-265.0,0.5612447080002312,0.6035692079994988,0,,,sensitivity_run,True,False,False,-265.0,0.5612447080002312,0,0.6035692079994988
Fast,2,62,12,21,40880931,3,3,OK,-265.0,0.5589446670001053,0.6033351249998304,0,,,sensitivity_run,True,False,False,-265.0,0.5589446670001053,0,0.6033351249998304
Fast,2,62,12,22,40880932,1,3,OK,-215.0,0.7301921670004958,0.7786830830009421,0,,,baseline_checkpoint,True,False,False,-215.0,0.7301921670004958,0,0.7786830830009421
Fast,2,62,12,22,40880932,1,4,OK,-215.0,1.5452280420004172,1.5888526250000723,1,,,sensitivity_run,True,False,False,-215.0,1.5452280420004172,1,1.5888526250000723
Fast,2,62,12,22,40880932,1,5,OK,-215.0,0.6208497910001824,0.6643488750005417,0,,,sensitivity_run,True,False,False,-215.0,0.6208497910001824,0,0.6643488750005417
Fast,2,62,12,22,40880932,2,3,OK,-235.0,1.4489942500003965,1.4925437499996406,1,,,sensitivity_run,True,False,False,-235.0,1.4489942500003965,1,1.4925437499996406
Fast,2,62,12,22,40880932,3,3,OK,-235.0,1.4389992500000517,1.4828042080007435,1,,,sensitivity_run,True,False,False,-235.0,1.4389992500000517,1,1.4828042080007435
Fast,2,62,12,23,40880933,1,3,OK,-230.0,0.8224118750003981,0.8708489160053432,0,,,baseline_checkpoint,True,False,False,-230.0,0.8224118750003981,0,0.8708489160053432
Fast,2,62,12,23,40880933,1,4,OK,-230.0,0.5967782500001704,0.6576594579992161,0,,,sensitivity_run,True,False,False,-230.0,0.5967782500001704,0,0.6576594579992161
Fast,2,62,12,23,40880933,1,5,OK,-230.0,1.4593261669997446,1.5030009169995535,1,,,sensitivity_run,True,False,False,-230.0,1.4593261669997446,1,1.5030009169995535
Fast,2,62,12,23,40880933,2,3,OK,-265.0,0.7883610000008048,0.8325085839996973,0,,,sensitivity_run,True,False,False,-265.0,0.7883610000008048,0,0.8325085839996973
Fast,2,62,12,23,40880933,3,3,OK,-300.0,1.684596292000606,1.7279773330001262,2,,,sensitivity_run,True,False,False,-300.0,1.684596292000606,2,1.7279773330001262
Fast,2,62,12,24,40880934,1,3,OK,-200.0,0.7767572079974343,0.8250148749939399,0,,,baseline_checkpoint,True,False,False,-200.0,0.7767572079974343,0,0.8250148749939399
Fast,2,62,12,24,40880934,1,4,OK,-200.0,0.5910505840001861,0.6344697499998802,0,,,sensitivity_run,True,False,False,-200.0,0.5910505840001861,0,0.6344697499998802
Fast,2,62,12,24,40880934,1,5,OK,-200.0,0.9694208329992762,1.0146727920000558,0,,,sensitivity_run,True,False,False,-200.0,0.9694208329992762,0,1.0146727920000558
Fast,2,62,12,24,40880934,2,3,OK,-250.0,0.5311393339998176,0.5757457910003723,0,,,sensitivity_run,True,False,False,-250.0,0.5311393339998176,0,0.5757457910003723
Fast,2,62,12,24,40880934,3,3,OK,-250.0,0.5315701669996997,0.5759494580006503,0,,,sensitivity_run,True,False,False,-250.0,0.5315701669996997,0,0.5759494580006503
Fast,2,62,12,25,40880935,1,3,OK,-230.0,1.018645000003744,1.067602832998091,1,,,baseline_checkpoint,True,False,False,-230.0,1.018645000003744,1,1.067602832998091
Fast,2,62,12,25,40880935,1,4,OK,-230.0,0.5285144580002452,0.5720996250001917,0,,,sensitivity_run,True,False,False,-230.0,0.5285144580002452,0,0.5720996250001917
Fast,2,62,12,25,40880935,1,5,OK,-230.0,1.436337499999354,1.481183916000191,1,,,sensitivity_run,True,False,False,-230.0,1.436337499999354,1,1.481183916000191
Fast,2,62,12,25,40880935,2,3,OK,-265.0,0.6432909579998523,0.6877829579998433,0,,,sensitivity_run,True,False,False,-265.0,0.6432909579998523,0,0.6877829579998433
Fast,2,62,12,25,40880935,3,3,OK,-300.0,0.9688537500005624,1.012305582999943,1,,,sensitivity_run,True,False,False,-300.0,0.9688537500005624,1,1.012305582999943
Fast,2,62,12,26,40880936,1,3,OK,-230.0,1.073144624999259,1.1224541250048787,1,,,baseline_checkpoint,True,False,False,-230.0,1.073144624999259,1,1.1224541250048787
Fast,2,62,12,26,40880936,1,4,OK,-230.0,1.0259563750005327,1.07012479200057,1,,,sensitivity_run,True,False,False,-230.0,1.0259563750005327,1,1.07012479200057
Fast,2,62,12,26,40880936,1,5,OK,-230.0,0.9577888330004498,1.001570542000081,1,,,sensitivity_run,True,False,False,-230.0,0.9577888330004498,1,1.001570542000081
Fast,2,62,12,26,40880936,2,3,OK,-265.0,1.760660915999324,1.8044877080001245,3,,,sensitivity_run,True,False,False,-265.0,1.760660915999324,3,1.8044877080001245
Fast,2,62,12,26,40880936,3,3,OK,-265.0,1.71481995799968,1.758444000000054,3,,,sensitivity_run,True,False,False,-265.0,1.71481995799968,3,1.758444000000054
Fast,2,62,12,27,40880937,1,3,OK,-230.0,1.0244085829981486,1.076009290998627,1,,,baseline_checkpoint,True,False,False,-230.0,1.0244085829981486,1,1.076009290998627
Fast,2,62,12,27,40880937,1,4,OK,-230.0,0.6043023749998611,0.6481945420000557,0,,,sensitivity_run,True,False,False,-230.0,0.6043023749998611,0,0.6481945420000557
Fast,2,62,12,27,40880937,1,5,OK,-230.0,0.6529504170002838,0.6972608330006551,0,,,sensitivity_run,True,False,False,-230.0,0.6529504170002838,0,0.6972608330006551
Fast,2,62,12,27,40880937,2,3,OK,-250.0,1.9318510000002789,1.975458666999657,2,,,sensitivity_run,True,False,False,-250.0,1.9318510000002789,2,1.975458666999657
Fast,2,62,12,27,40880937,3,3,OK,-250.0,1.8790045830000963,1.92239412500021,2,,,sensitivity_run,True,False,False,-250.0,1.8790045830000963,2,1.92239412500021
Fast,2,62,12,28,40880938,1,3,OK,-230.0,1.2423781249963213,1.2909823340014557,2,,,baseline_checkpoint,True,False,False,-230.0,1.2423781249963213,2,1.2909823340014557
Fast,2,62,12,28,40880938,1,4,OK,-230.0,0.7299253329993007,0.7730268340001203,1,,,sensitivity_run,True,False,False,-230.0,0.7299253329993007,1,0.7730268340001203
Fast,2,62,12,28,40880938,1,5,OK,-230.0,1.1841474999991988,1.2278834589997132,2,,,sensitivity_run,True,False,False,-230.0,1.1841474999991988,2,1.2278834589997132
Fast,2,62,12,28,40880938,2,3,OK,-265.0,1.446563083000001,1.4911725839992869,1,,,sensitivity_run,True,False,False,-265.0,1.446563083000001,1,1.4911725839992869
Fast,2,62,12,28,40880938,3,3,OK,-315.0,0.3626172089998363,0.4066488749995187,0,,,sensitivity_run,True,False,False,-315.0,0.3626172089998363,0,0.4066488749995187
Fast,2,62,12,29,40880939,1,3,OK,-215.0,1.5179159170002094,1.566571707997355,1,,,baseline_checkpoint,True,False,False,-215.0,1.5179159170002094,1,1.566571707997355
Fast,2,62,12,29,40880939,1,4,OK,-215.0,0.750268041999334,0.7939782920002472,0,,,sensitivity_run,True,False,False,-215.0,0.750268041999334,0,0.7939782920002472
Fast,2,62,12,29,40880939,1,5,OK,-215.0,0.5728538749999643,0.616839667000022,0,,,sensitivity_run,True,False,False,-215.0,0.5728538749999643,0,0.616839667000022
Fast,2,62,12,29,40880939,2,3,OK,-265.0,0.9187208329994974,0.9628072089999478,0,,,sensitivity_run,True,False,False,-265.0,0.9187208329994974,0,0.9628072089999478
Fast,2,62,12,29,40880939,3,3,OK,-300.0,0.7976367080000273,0.842076167000414,1,,,sensitivity_run,True,False,False,-300.0,0.7976367080000273,1,0.842076167000414
Fast,2,62,12,30,40880940,1,3,OK,-245.0,1.9807324169960336,2.029601874994114,2,,,baseline_checkpoint,True,False,False,-245.0,1.9807324169960336,2,2.029601874994114
Fast,2,62,12,30,40880940,1,4,OK,-245.0,2.042960624999978,2.0867827080001007,2,,,sensitivity_run,True,False,False,-245.0,2.042960624999978,2,2.0867827080001007
Fast,2,62,12,30,40880940,1,5,OK,-245.0,2.06185749999986,2.105627750000167,2,,,sensitivity_run,True,False,False,-245.0,2.06185749999986,2,2.105627750000167
Fast,2,62,12,30,40880940,2,3,OK,-280.0,1.1541141659999994,1.197785166999893,0,,,sensitivity_run,True,False,False,-280.0,1.1541141659999994,0,1.197785166999893
Fast,2,62,12,30,40880940,3,3,OK,-315.0,1.5091646669998229,1.5658437500005675,1,,,sensitivity_run,True,False,False,-315.0,1.5091646669998229,1,1.5658437500005675
Fast,2,62,12,31,40880941,1,3,OK,-230.0,1.0164294580026765,1.065189458000532,1,,,baseline_checkpoint,True,False,False,-230.0,1.0164294580026765,1,1.065189458000532
Fast,2,62,12,31,40880941,1,4,OK,-230.0,0.4019520419997207,0.4460737080007675,0,,,sensitivity_run,True,False,False,-230.0,0.4019520419997207,0,0.4460737080007675
Fast,2,62,12,31,40880941,1,5,OK,-230.0,0.7997297500005516,0.8448268749998533,1,,,sensitivity_run,True,False,False,-230.0,0.7997297500005516,1,0.8448268749998533
Fast,2,62,12,31,40880941,2,3,OK,-265.0,0.7305071249993489,0.7741197919995102,0,,,sensitivity_run,True,False,False,-265.0,0.7305071249993489,0,0.7741197919995102
Fast,2,62,12,31,40880941,3,3,OK,-265.0,0.7400937920001525,0.7833129999999073,0,,,sensitivity_run,True,False,False,-265.0,0.7400937920001525,0,0.7833129999999073
Fast,2,62,12,32,40880942,1,3,OK,-230.0,0.4858705829974497,0.5348512079945067,0,,,baseline_checkpoint,True,False,False,-230.0,0.4858705829974497,0,0.5348512079945067
Fast,2,62,12,32,40880942,1,4,OK,-230.0,1.356332416999976,1.3995478330007245,1,,,sensitivity_run,True,False,False,-230.0,1.356332416999976,1,1.3995478330007245
Fast,2,62,12,32,40880942,1,5,OK,-230.0,1.3371577500001877,1.3806946249997054,1,,,sensitivity_run,True,False,False,-230.0,1.3371577500001877,1,1.3806946249997054
Fast,2,62,12,32,40880942,2,3,OK,-265.0,1.7554080840000097,1.7991298749993805,2,,,sensitivity_run,True,False,False,-265.0,1.7554080840000097,2,1.7991298749993805
Fast,2,62,12,32,40880942,3,3,OK,-300.0,0.6732198340005198,0.71682279200013,0,,,sensitivity_run,True,False,False,-300.0,0.6732198340005198,0,0.71682279200013
Fast,2,62,12,33,40880943,1,3,OK,-200.0,0.4076631670031929,0.4726489579988993,0,,,baseline_checkpoint,True,False,False,-200.0,0.4076631670031929,0,0.4726489579988993
Fast,2,62,12,33,40880943,1,4,OK,-200.0,0.4006083750000471,0.4578488749993994,0,,,sensitivity_run,True,False,False,-200.0,0.4006083750000471,0,0.4578488749993994
Fast,2,62,12,33,40880943,1,5,OK,-200.0,0.4031165830001555,0.4474072089997207,0,,,sensitivity_run,True,False,False,-200.0,0.4031165830001555,0,0.4474072089997207
Fast,2,62,12,33,40880943,2,3,OK,-235.0,1.1818093749998295,1.2257358750002822,1,,,sensitivity_run,True,False,False,-235.0,1.1818093749998295,1,1.2257358750002822
Fast,2,62,12,33,40880943,3,3,OK,-260.0,5.599769374999596,5.644412249999732,6,,,sensitivity_run,True,False,False,-260.0,5.599769374999596,6,5.644412249999732
Fast,2,62,12,34,40880944,1,3,OK,-230.0,0.3402534999986528,0.3891726669971831,0,,,baseline_checkpoint,True,False,False,-230.0,0.3402534999986528,0,0.3891726669971831
Fast,2,62,12,34,40880944,1,4,OK,-245.0,0.6742143749997922,0.7184930829998848,1,,,sensitivity_run,True,False,False,-245.0,0.6742143749997922,1,0.7184930829998848
Fast,2,62,12,34,40880944,1,5,OK,-245.0,0.6693990410003607,0.7135027079993961,1,,,sensitivity_run,True,False,False,-245.0,0.6693990410003607,1,0.7135027079993961
Fast,2,62,12,34,40880944,2,3,OK,-265.0,1.0852765829995406,1.1288075839993326,1,,,sensitivity_run,True,False,False,-265.0,1.0852765829995406,1,1.1288075839993326
Fast,2,62,12,34,40880944,3,3,OK,-285.0,2.632272834000105,2.676059707999229,2,,,sensitivity_run,True,False,False,-285.0,2.632272834000105,2,2.676059707999229
Fast,2,62,12,35,40880945,1,3,OK,-215.0,1.0235671250047744,1.0721179579995803,2,,,baseline_checkpoint,True,False,False,-215.0,1.0235671250047744,2,1.0721179579995803
Fast,2,62,12,35,40880945,1,4,OK,-215.0,0.860887666999588,0.904854333000003,1,,,sensitivity_run,True,False,False,-215.0,0.860887666999588,1,0.904854333000003
Fast,2,62,12,35,40880945,1,5,OK,-215.0,0.8870581670007596,0.9312080409999908,2,,,sensitivity_run,True,False,False,-215.0,0.8870581670007596,2,0.9312080409999908
Fast,2,62,12,35,40880945,2,3,OK,-265.0,0.7236988750000819,0.7683785420003915,0,,,sensitivity_run,True,False,False,-265.0,0.7236988750000819,0,0.7683785420003915
Fast,2,62,12,35,40880945,3,3,OK,-265.0,0.7291108750005151,0.7743307500004448,0,,,sensitivity_run,True,False,False,-265.0,0.7291108750005151,0,0.7743307500004448
Fast,2,62,12,36,40880946,1,3,OK,-200.0,5.089437457994791,5.137621333000425,10,,,baseline_checkpoint,True,False,False,-200.0,5.089437457994791,10,5.137621333000425
Fast,2,62,12,36,40880946,1,4,OK,-230.0,0.3953952500005471,0.4540148750002117,0,,,sensitivity_run,True,False,False,-230.0,0.3953952500005471,0,0.4540148750002117
Fast,2,62,12,36,40880946,1,5,OK,-230.0,1.1517161249994388,1.1956433750001452,1,,,sensitivity_run,True,False,False,-230.0,1.1517161249994388,1,1.1956433750001452
Fast,2,62,12,36,40880946,2,3,OK,-200.0,5.070879000000787,5.11558283300019,10,,,sensitivity_run,True,False,False,-200.0,5.070879000000787,10,5.11558283300019
Fast,2,62,12,36,40880946,3,3,OK,-200.0,5.102587082999889,5.14667583299979,10,,,sensitivity_run,True,False,False,-200.0,5.102587082999889,10,5.14667583299979
Fast,2,62,12,37,40880947,1,3,OK,-245.0,0.905244000001403,0.953798792004818,1,,,baseline_checkpoint,True,False,False,-245.0,0.905244000001403,1,0.953798792004818
Fast,2,62,12,37,40880947,1,4,OK,-245.0,1.4457412920000934,1.49019379100082,2,,,sensitivity_run,True,False,False,-245.0,1.4457412920000934,2,1.49019379100082
Fast,2,62,12,37,40880947,1,5,OK,-245.0,0.6549073750002208,0.6993378330007545,0,,,sensitivity_run,True,False,False,-245.0,0.6549073750002208,0,0.6993378330007545
Fast,2,62,12,37,40880947,2,3,OK,-280.0,1.016542166000363,1.060221208999792,1,,,sensitivity_run,True,False,False,-280.0,1.016542166000363,1,1.060221208999792
Fast,2,62,12,37,40880947,3,3,OK,-315.0,1.1321668330001555,1.1763172080000004,2,,,sensitivity_run,True,False,False,-315.0,1.1321668330001555,2,1.1763172080000004
Fast,2,62,12,38,40880948,1,3,OK,-215.0,0.5381314999976894,0.5864489579980727,0,,,baseline_checkpoint,True,False,False,-215.0,0.5381314999976894,0,0.5864489579980727
Fast,2,62,12,38,40880948,1,4,OK,-215.0,0.6227999580005417,0.6666070829996897,0,,,sensitivity_run,True,False,False,-215.0,0.6227999580005417,0,0.6666070829996897
Fast,2,62,12,38,40880948,1,5,OK,-215.0,0.4841892080003163,0.5283884170003148,0,,,sensitivity_run,True,False,False,-215.0,0.4841892080003163,0,0.5283884170003148
Fast,2,62,12,38,40880948,2,3,OK,-215.0,0.5444146250001722,0.5899451250006678,0,,,sensitivity_run,True,False,False,-215.0,0.5444146250001722,0,0.5899451250006678
Fast,2,62,12,38,40880948,3,3,OK,-215.0,0.5405582919993321,0.5842108750002808,0,,,sensitivity_run,True,False,False,-215.0,0.5405582919993321,0,0.5842108750002808
Fast,2,62,12,39,40880949,1,3,OK,-205.0,1.0759795000049053,1.1241007080025156,1,,,baseline_checkpoint,True,False,False,-205.0,1.0759795000049053,1,1.1241007080025156
Fast,2,62,12,39,40880949,1,4,OK,-205.0,0.7270577919998686,0.7717649169999277,0,,,sensitivity_run,True,False,False,-205.0,0.7270577919998686,0,0.7717649169999277
Fast,2,62,12,39,40880949,1,5,OK,-205.0,1.072328582999944,1.116834375000508,1,,,sensitivity_run,True,False,False,-205.0,1.072328582999944,1,1.116834375000508
Fast,2,62,12,39,40880949,2,3,OK,-240.0,3.282635083999594,3.32773562500006,4,,,sensitivity_run,True,False,False,-240.0,3.282635083999594,4,3.32773562500006
Fast,2,62,12,39,40880949,3,3,OK,-240.0,3.3561232920001203,3.4013777079999272,4,,,sensitivity_run,True,False,False,-240.0,3.3561232920001203,4,3.4013777079999272
Fast,2,62,12,40,40880950,1,3,OK,-200.0,0.6511209579985007,0.7001044999997248,0,,,baseline_checkpoint,True,False,False,-200.0,0.6511209579985007,0,0.7001044999997248
Fast,2,62,12,40,40880950,1,4,OK,-200.0,0.6965697089999594,0.7409667910005737,0,,,sensitivity_run,True,False,False,-200.0,0.6965697089999594,0,0.7409667910005737
Fast,2,62,12,40,40880950,1,5,OK,-200.0,0.5828426660000332,0.6273170419999587,0,,,sensitivity_run,True,False,False,-200.0,0.5828426660000332,0,0.6273170419999587
Fast,2,62,12,40,40880950,2,3,OK,-200.0,0.6522006250006598,0.6974087090002286,0,,,sensitivity_run,True,False,False,-200.0,0.6522006250006598,0,0.6974087090002286
Fast,2,62,12,40,40880950,3,3,OK,-200.0,0.6516542910003409,0.6962426659993071,0,,,sensitivity_run,True,False,False,-200.0,0.6516542910003409,0,0.6962426659993071
Fast,2,62,12,41,40880951,1,3,OK,-245.0,1.517413082998246,1.5660538750016713,1,,,baseline_checkpoint,True,False,False,-245.0,1.517413082998246,1,1.5660538750016713
Fast,2,62,12,41,40880951,1,4,OK,-245.0,0.368862249999438,0.4136698749998686,0,,,sensitivity_run,True,False,False,-245.0,0.368862249999438,0,0.4136698749998686
Fast,2,62,12,41,40880951,1,5,OK,-245.0,0.3656904170002235,0.4090405419992748,0,,,sensitivity_run,True,False,False,-245.0,0.3656904170002235,0,0.4090405419992748
Fast,2,62,12,41,40880951,2,3,OK,-280.0,1.0456039579994467,1.0897482079999463,0,,,sensitivity_run,True,False,False,-280.0,1.0456039579994467,0,1.0897482079999463
Fast,2,62,12,41,40880951,3,3,OK,-315.0,0.6412795839996761,0.6863088330001119,0,,,sensitivity_run,True,False,False,-315.0,0.6412795839996761,0,0.6863088330001119
Fast,2,62,12,42,40880952,1,3,OK,-215.0,0.3723421250033425,0.4215569169973605,0,,,baseline_checkpoint,True,False,False,-215.0,0.3723421250033425,0,0.4215569169973605
Fast,2,62,12,42,40880952,1,4,OK,-215.0,0.4638150830005543,0.5076494999993884,0,,,sensitivity_run,True,False,False,-215.0,0.4638150830005543,0,0.5076494999993884
Fast,2,62,12,42,40880952,1,5,OK,-215.0,0.5480365419998634,0.5923505410000871,0,,,sensitivity_run,True,False,False,-215.0,0.5480365419998634,0,0.5923505410000871
Fast,2,62,12,42,40880952,2,3,OK,-215.0,0.3790684579998924,0.4235361670007478,0,,,sensitivity_run,True,False,False,-215.0,0.3790684579998924,0,0.4235361670007478
Fast,2,62,12,42,40880952,3,3,OK,-215.0,0.3676640419998875,0.4115707079999993,0,,,sensitivity_run,True,False,False,-215.0,0.3676640419998875,0,0.4115707079999993
Fast,2,62,12,43,40880953,1,3,OK,-215.0,1.1289532910013804,1.1772198750040843,1,,,baseline_checkpoint,True,False,False,-215.0,1.1289532910013804,1,1.1772198750040843
Fast,2,62,12,43,40880953,1,4,OK,-230.0,1.6086227080004392,1.6659683339994444,3,,,sensitivity_run,True,False,False,-230.0,1.6086227080004392,3,1.6659683339994444
Fast,2,62,12,43,40880953,1,5,OK,-230.0,0.8090015000007043,0.8538033330005419,1,,,sensitivity_run,True,False,False,-230.0,0.8090015000007043,1,0.8538033330005419
Fast,2,62,12,43,40880953,2,3,OK,-215.0,1.1325159170000916,1.1776577919999909,1,,,sensitivity_run,True,False,False,-215.0,1.1325159170000916,1,1.1776577919999909
Fast,2,62,12,43,40880953,3,3,OK,-215.0,1.1325372910005171,1.176524834000702,1,,,sensitivity_run,True,False,False,-215.0,1.1325372910005171,1,1.176524834000702
Fast,2,62,12,44,40880954,1,3,OK,-245.0,1.4115337080002064,1.4604093750022002,2,,,baseline_checkpoint,True,False,False,-245.0,1.4115337080002064,2,1.4604093750022002
Fast,2,62,12,44,40880954,1,4,OK,-245.0,1.0172597909995602,1.061583167000208,1,,,sensitivity_run,True,False,False,-245.0,1.0172597909995602,1,1.061583167000208
Fast,2,62,12,44,40880954,1,5,OK,-245.0,1.0498932919999788,1.093558167000083,1,,,sensitivity_run,True,False,False,-245.0,1.0498932919999788,1,1.093558167000083
Fast,2,62,12,44,40880954,2,3,OK,-280.0,0.7100310000005265,0.755145750000338,1,,,sensitivity_run,True,False,False,-280.0,0.7100310000005265,1,0.755145750000338
Fast,2,62,12,44,40880954,3,3,OK,-280.0,0.6753816669997832,0.7194746670002132,1,,,sensitivity_run,True,False,False,-280.0,0.6753816669997832,1,0.7194746670002132
Fast,2,62,12,45,40880955,1,3,OK,-200.0,1.1344624999983353,1.1829032500027097,0,,,baseline_checkpoint,True,False,False,-200.0,1.1344624999983353,0,1.1829032500027097
Fast,2,62,12,45,40880955,1,4,OK,-200.0,1.2396926249994067,1.2844285000001037,0,,,sensitivity_run,True,False,False,-200.0,1.2396926249994067,0,1.2844285000001037
Fast,2,62,12,45,40880955,1,5,OK,-200.0,4.744871583000531,4.789550083999529,4,,,sensitivity_run,True,False,False,-200.0,4.744871583000531,4,4.789550083999529
Fast,2,62,12,45,40880955,2,3,OK,-235.0,1.9954003749999172,2.0395917079995343,2,,,sensitivity_run,True,False,False,-235.0,1.9954003749999172,2,2.0395917079995343
Fast,2,62,12,45,40880955,3,3,OK,-235.0,2.048348082999837,2.0919080829999075,2,,,sensitivity_run,True,False,False,-235.0,2.048348082999837,2,2.0919080829999075
Fast,2,62,12,46,40880956,1,3,OK,-215.0,0.94771366599889,0.9970463340068818,1,,,baseline_checkpoint,True,False,False,-215.0,0.94771366599889,1,0.9970463340068818
Fast,2,62,12,46,40880956,1,4,OK,-215.0,0.3381370840006639,0.3823833329997796,0,,,sensitivity_run,True,False,False,-215.0,0.3381370840006639,0,0.3823833329997796
Fast,2,62,12,46,40880956,1,5,OK,-215.0,0.3405631249997896,0.3960980410001866,0,,,sensitivity_run,True,False,False,-215.0,0.3405631249997896,0,0.3960980410001866
Fast,2,62,12,46,40880956,2,3,OK,-265.0,0.3373185829996146,0.413029333999475,0,,,sensitivity_run,True,False,False,-265.0,0.3373185829996146,0,0.413029333999475
Fast,2,62,12,46,40880956,3,3,OK,-315.0,1.0375721250002243,1.0815672090002408,2,,,sensitivity_run,True,False,False,-315.0,1.0375721250002243,2,1.0815672090002408
Fast,2,62,12,47,40880957,1,3,OK,-215.0,0.5580218339964631,0.606413125002291,0,,,baseline_checkpoint,True,False,False,-215.0,0.5580218339964631,0,0.606413125002291
Fast,2,62,12,47,40880957,1,4,OK,-215.0,0.5894494160002068,0.6334995419992993,0,,,sensitivity_run,True,False,False,-215.0,0.5894494160002068,0,0.6334995419992993
Fast,2,62,12,47,40880957,1,5,OK,-215.0,0.5044547090001288,0.5480701670003327,0,,,sensitivity_run,True,False,False,-215.0,0.5044547090001288,0,0.5480701670003327
Fast,2,62,12,47,40880957,2,3,OK,-265.0,0.3730334580004637,0.4175591249995705,0,,,sensitivity_run,True,False,False,-265.0,0.3730334580004637,0,0.4175591249995705
Fast,2,62,12,47,40880957,3,3,OK,-315.0,0.7291153329997542,0.7730151659998228,1,,,sensitivity_run,True,False,False,-315.0,0.7291153329997542,1,0.7730151659998228
Fast,2,62,12,48,40880958,1,3,OK,-175.0,0.9013297080018674,0.950024707999546,0,,,baseline_checkpoint,True,False,False,-175.0,0.9013297080018674,0,0.950024707999546
Fast,2,62,12,48,40880958,1,4,OK,-200.0,1.308774000000085,1.352317416000005,1,,,sensitivity_run,True,False,False,-200.0,1.308774000000085,1,1.352317416000005
Fast,2,62,12,48,40880958,1,5,OK,-200.0,1.1537243749999109,1.19772012500016,1,,,sensitivity_run,True,False,False,-200.0,1.1537243749999109,1,1.19772012500016
Fast,2,62,12,48,40880958,2,3,OK,-175.0,0.8986996670000735,0.9715512080001644,0,,,sensitivity_run,True,False,False,-175.0,0.8986996670000735,0,0.9715512080001644
Fast,2,62,12,48,40880958,3,3,OK,-175.0,0.8999326249995647,0.944560332999572,0,,,sensitivity_run,True,False,False,-175.0,0.8999326249995647,0,0.944560332999572
Fast,2,62,12,49,40880959,1,3,OK,-245.0,0.7106844170048134,0.7600542080035666,0,,,baseline_checkpoint,True,False,False,-245.0,0.7106844170048134,0,0.7600542080035666
Fast,2,62,12,49,40880959,1,4,OK,-245.0,0.8712260829997831,0.9157517080002436,0,,,sensitivity_run,True,False,False,-245.0,0.8712260829997831,0,0.9157517080002436
Fast,2,62,12,49,40880959,1,5,OK,-245.0,2.763148375000128,2.8063988330004577,2,,,sensitivity_run,True,False,False,-245.0,2.763148375000128,2,2.8063988330004577
Fast,2,62,12,49,40880959,2,3,OK,-280.0,0.6225265829998534,0.6664077079994968,0,,,sensitivity_run,True,False,False,-280.0,0.6225265829998534,0,0.6664077079994968
Fast,2,62,12,49,40880959,3,3,OK,-315.0,1.0860430420007106,1.1302941659996577,1,,,sensitivity_run,True,False,False,-315.0,1.0860430420007106,1,1.1302941659996577
Fast,2,62,12,50,40880960,1,3,OK,-190.0,4.236170458003471,4.2852000830025645,5,,,baseline_checkpoint,True,False,False,-190.0,4.236170458003471,5,4.2852000830025645
Fast,2,62,12,50,40880960,1,4,OK,-190.0,11.362451208000492,11.40660433300036,13,,,sensitivity_run,True,False,False,-190.0,11.362451208000492,13,11.40660433300036
Fast,2,62,12,50,40880960,1,5,OK,-190.0,10.745034207999195,10.789924542000335,12,,,sensitivity_run,True,False,False,-190.0,10.745034207999195,12,10.789924542000335
Fast,2,62,12,50,40880960,2,3,OK,-240.0,11.418785541000034,11.462475000000268,25,,,sensitivity_run,True,False,False,-240.0,11.418785541000034,25,11.462475000000268
Fast,2,62,12,50,40880960,3,3,OK,-240.0,11.420321833999878,11.489218458999858,25,,,sensitivity_run,True,False,False,-240.0,11.420321833999878,25,11.489218458999858
Fast,2,62,12,51,40880961,1,3,OK,-230.0,0.6098911670051166,0.659237291001773,0,,,baseline_checkpoint,True,False,False,-230.0,0.6098911670051166,0,0.659237291001773
Fast,2,62,12,51,40880961,1,4,OK,-230.0,2.303515417000199,2.3495466249996757,3,,,sensitivity_run,True,False,False,-230.0,2.303515417000199,3,2.3495466249996757
Fast,2,62,12,51,40880961,1,5,OK,-230.0,1.8049193750002812,1.882242749999932,2,,,sensitivity_run,True,False,False,-230.0,1.8049193750002812,2,1.882242749999932
Fast,2,62,12,51,40880961,2,3,OK,-250.0,5.183382291000271,5.229088541999772,6,,,sensitivity_run,True,False,False,-250.0,5.183382291000271,6,5.229088541999772
Fast,2,62,12,51,40880961,3,3,OK,-250.0,5.196641417000137,5.241364915999839,6,,,sensitivity_run,True,False,False,-250.0,5.196641417000137,6,5.241364915999839
Fast,2,62,12,52,40880962,1,3,OK,-230.0,0.4786262919951696,0.5495564169978024,0,,,baseline_checkpoint,True,False,False,-230.0,0.4786262919951696,0,0.5495564169978024
Fast,2,62,12,52,40880962,1,4,OK,-230.0,0.4739666249997754,0.5184346670002924,0,,,sensitivity_run,True,False,False,-230.0,0.4739666249997754,0,0.5184346670002924
Fast,2,62,12,52,40880962,1,5,OK,-230.0,0.4887249160001374,0.5341014169998743,0,,,sensitivity_run,True,False,False,-230.0,0.4887249160001374,0,0.5341014169998743
Fast,2,62,12,52,40880962,2,3,OK,-250.0,4.2551422919996185,4.29927433299963,5,,,sensitivity_run,True,False,False,-250.0,4.2551422919996185,5,4.29927433299963
Fast,2,62,12,52,40880962,3,3,OK,-250.0,4.249241999999867,4.292945707999934,5,,,sensitivity_run,True,False,False,-250.0,4.249241999999867,5,4.292945707999934
Fast,2,62,12,53,40880963,1,3,OK,-230.0,0.848726500000339,0.897178499995789,0,,,baseline_checkpoint,True,False,False,-230.0,0.848726500000339,0,0.897178499995789
Fast,2,62,12,53,40880963,1,4,OK,-230.0,0.5761866670000018,0.6203224170003523,0,,,sensitivity_run,True,False,False,-230.0,0.5761866670000018,0,0.6203224170003523
Fast,2,62,12,53,40880963,1,5,OK,-230.0,0.8287260000006427,0.8750662089996695,0,,,sensitivity_run,True,False,False,-230.0,0.8287260000006427,0,0.8750662089996695
Fast,2,62,12,53,40880963,2,3,OK,-265.0,0.4536938749997716,0.4983349169997382,0,,,sensitivity_run,True,False,False,-265.0,0.4536938749997716,0,0.4983349169997382
Fast,2,62,12,53,40880963,3,3,OK,-265.0,0.4522133750006105,0.4960026250000737,0,,,sensitivity_run,True,False,False,-265.0,0.4522133750006105,0,0.4960026250000737
Fast,2,62,12,54,40880964,1,3,OK,-215.0,0.7511142500006827,0.799761166999815,0,,,baseline_checkpoint,True,False,False,-215.0,0.7511142500006827,0,0.799761166999815
Fast,2,62,12,54,40880964,1,4,OK,-230.0,0.4565510000002177,0.5009956249996321,0,,,sensitivity_run,True,False,False,-230.0,0.4565510000002177,0,0.5009956249996321
Fast,2,62,12,54,40880964,1,5,OK,-230.0,0.5564934170006381,0.6008324159993208,0,,,sensitivity_run,True,False,False,-230.0,0.5564934170006381,0,0.6008324159993208
Fast,2,62,12,54,40880964,2,3,OK,-235.0,0.6386425419996158,0.6832849579996036,0,,,sensitivity_run,True,False,False,-235.0,0.6386425419996158,0,0.6832849579996036
Fast,2,62,12,54,40880964,3,3,OK,-235.0,0.6360034999997879,0.6799909999999727,0,,,sensitivity_run,True,False,False,-235.0,0.6360034999997879,0,0.6799909999999727
Fast,2,62,12,55,40880965,1,3,OK,-215.0,0.4004556250001769,0.4494093750035972,0,,,baseline_checkpoint,True,False,False,-215.0,0.4004556250001769,0,0.4494093750035972
Fast,2,62,12,55,40880965,1,4,OK,-215.0,0.3991186670000388,0.4432307500001116,0,,,sensitivity_run,True,False,False,-215.0,0.3991186670000388,0,0.4432307500001116
Fast,2,62,12,55,40880965,1,5,OK,-215.0,0.4031981670004825,0.4471234999991793,0,,,sensitivity_run,True,False,False,-215.0,0.4031981670004825,0,0.4471234999991793
Fast,2,62,12,55,40880965,2,3,OK,-250.0,1.3614103749996502,1.4183982089998608,1,,,sensitivity_run,True,False,False,-250.0,1.3614103749996502,1,1.4183982089998608
Fast,2,62,12,55,40880965,3,3,OK,-285.0,1.920453374999852,1.964524541999708,3,,,sensitivity_run,True,False,False,-285.0,1.920453374999852,3,1.964524541999708
Fast,2,62,12,56,40880966,1,3,OK,-245.0,0.8145044999982929,0.8633561250026105,1,,,baseline_checkpoint,True,False,False,-245.0,0.8145044999982929,1,0.8633561250026105
Fast,2,62,12,56,40880966,1,4,OK,-245.0,1.2242088749999311,1.2691172089998872,1,,,sensitivity_run,True,False,False,-245.0,1.2242088749999311,1,1.2691172089998872
Fast,2,62,12,56,40880966,1,5,OK,-245.0,0.8741361249994952,0.9181519580006352,1,,,sensitivity_run,True,False,False,-245.0,0.8741361249994952,1,0.9181519580006352
Fast,2,62,12,56,40880966,2,3,OK,-280.0,0.8066516669996417,0.8513867920000848,1,,,sensitivity_run,True,False,False,-280.0,0.8066516669996417,1,0.8513867920000848
Fast,2,62,12,56,40880966,3,3,OK,-315.0,1.5094520000002376,1.553514666999945,1,,,sensitivity_run,True,False,False,-315.0,1.5094520000002376,1,1.553514666999945
Fast,2,62,12,57,40880967,1,3,OK,-215.0,1.226047166994249,1.2742701660026796,2,,,baseline_checkpoint,True,False,False,-215.0,1.226047166994249,2,1.2742701660026796
Fast,2,62,12,57,40880967,1,4,OK,-215.0,1.958984999999302,2.00305170899992,3,,,sensitivity_run,True,False,False,-215.0,1.958984999999302,3,2.00305170899992
Fast,2,62,12,57,40880967,1,5,OK,-215.0,1.937783375000436,1.981902416999219,3,,,sensitivity_run,True,False,False,-215.0,1.937783375000436,3,1.981902416999219
Fast,2,62,12,57,40880967,2,3,OK,-215.0,1.2158249580006668,1.2598121250002805,2,,,sensitivity_run,True,False,False,-215.0,1.2158249580006668,2,1.2598121250002805
Fast,2,62,12,57,40880967,3,3,OK,-215.0,1.212886250000338,1.2569000000003143,2,,,sensitivity_run,True,False,False,-215.0,1.212886250000338,2,1.2569000000003143
Fast,2,62,12,58,40880968,1,3,OK,-215.0,0.6948655409942148,0.7434912079988862,0,,,baseline_checkpoint,True,False,False,-215.0,0.6948655409942148,0,0.7434912079988862
Fast,2,62,12,58,40880968,1,4,OK,-215.0,0.4522519579995787,0.4967609590003121,0,,,sensitivity_run,True,False,False,-215.0,0.4522519579995787,0,0.4967609590003121
Fast,2,62,12,58,40880968,1,5,OK,-215.0,0.4480852500000765,0.491985375000695,0,,,sensitivity_run,True,False,False,-215.0,0.4480852500000765,0,0.491985375000695
Fast,2,62,12,58,40880968,2,3,OK,-265.0,1.2685587910000322,1.3127897499998653,1,,,sensitivity_run,True,False,False,-265.0,1.2685587910000322,1,1.3127897499998653
Fast,2,62,12,58,40880968,3,3,OK,-315.0,0.3299120829997264,0.3867432500001087,0,,,sensitivity_run,True,False,False,-315.0,0.3299120829997264,0,0.3867432500001087
Fast,2,62,12,59,40880969,1,3,OK,-200.0,0.8678255420018104,0.9168952079999144,0,,,baseline_checkpoint,True,False,False,-200.0,0.8678255420018104,0,0.9168952079999144
Fast,2,62,12,59,40880969,1,4,OK,-215.0,1.690682333000041,1.7353618329998426,1,,,sensitivity_run,True,False,False,-215.0,1.690682333000041,1,1.7353618329998426
Fast,2,62,12,59,40880969,1,5,OK,-215.0,2.4944419160001416,2.538816749999569,2,,,sensitivity_run,True,False,False,-215.0,2.4944419160001416,2,2.538816749999569
Fast,2,62,12,59,40880969,2,3,OK,-240.0,1.4336117910006578,1.5031868750002104,1,,,sensitivity_run,True,False,False,-240.0,1.4336117910006578,1,1.5031868750002104
Fast,2,62,12,59,40880969,3,3,OK,-285.0,0.676300999999512,0.7203410410002107,0,,,sensitivity_run,True,False,False,-285.0,0.676300999999512,0,0.7203410410002107
Fast,2,62,12,60,40880970,1,3,OK,-215.0,0.5782137499991222,0.6416012080007931,0,,,baseline_checkpoint,True,False,False,-215.0,0.5782137499991222,0,0.6416012080007931
Fast,2,62,12,60,40880970,1,4,OK,-230.0,0.6847513330003494,0.7287336250001317,0,,,sensitivity_run,True,False,False,-230.0,0.6847513330003494,0,0.7287336250001317
Fast,2,62,12,60,40880970,1,5,OK,-230.0,0.8610700420003923,0.906779624999217,0,,,sensitivity_run,True,False,False,-230.0,0.8610700420003923,0,0.906779624999217
Fast,2,62,12,60,40880970,2,3,OK,-215.0,0.582361249999849,0.6570897920000789,0,,,sensitivity_run,True,False,False,-215.0,0.582361249999849,0,0.6570897920000789
Fast,2,62,12,60,40880970,3,3,OK,-215.0,0.5780887089995304,0.6223813750002591,0,,,sensitivity_run,True,False,False,-215.0,0.5780887089995304,0,0.6223813750002591
Fast,2,62,12,61,40880971,1,3,OK,-215.0,0.4033836669987067,0.4511996250002994,0,,,baseline_checkpoint,True,False,False,-215.0,0.4033836669987067,0,0.4511996250002994
Fast,2,62,12,61,40880971,1,4,OK,-215.0,0.328302125000846,0.3726908329999787,0,,,sensitivity_run,True,False,False,-215.0,0.328302125000846,0,0.3726908329999787
Fast,2,62,12,61,40880971,1,5,OK,-215.0,1.868444042000192,1.9253048330001548,3,,,sensitivity_run,True,False,False,-215.0,1.868444042000192,3,1.9253048330001548
Fast,2,62,12,61,40880971,2,3,OK,-265.0,0.463548582999465,0.5166964580002968,0,,,sensitivity_run,True,False,False,-265.0,0.463548582999465,0,0.5166964580002968
Fast,2,62,12,61,40880971,3,3,OK,-265.0,0.4727847919994019,0.5172713749998366,0,,,sensitivity_run,True,False,False,-265.0,0.4727847919994019,0,0.5172713749998366
Fast,2,62,12,62,40880972,1,3,OK,-245.0,0.677389292002772,0.7253270000001066,0,,,baseline_checkpoint,True,False,False,-245.0,0.677389292002772,0,0.7253270000001066
Fast,2,62,12,62,40880972,1,4,OK,-245.0,0.9621837499998946,1.006312374999652,1,,,sensitivity_run,True,False,False,-245.0,0.9621837499998946,1,1.006312374999652
Fast,2,62,12,62,40880972,1,5,OK,-245.0,0.8817914589999418,0.9263831670004948,1,,,sensitivity_run,True,False,False,-245.0,0.8817914589999418,1,0.9263831670004948
Fast,2,62,12,62,40880972,2,3,OK,-280.0,0.3691488750000644,0.4142844999996669,0,,,sensitivity_run,True,False,False,-280.0,0.3691488750000644,0,0.4142844999996669
Fast,2,62,12,62,40880972,3,3,OK,-280.0,0.3655779159998928,0.4103455829999802,0,,,sensitivity_run,True,False,False,-280.0,0.3655779159998928,0,0.4103455829999802
Fast,2,62,12,63,40880973,1,3,OK,-185.0,1.1681170829979235,1.2164328750004645,1,,,baseline_checkpoint,True,False,False,-185.0,1.1681170829979235,1,1.2164328750004645
Fast,2,62,12,63,40880973,1,4,OK,-185.0,1.127954834000775,1.1724395419996654,1,,,sensitivity_run,True,False,False,-185.0,1.127954834000775,1,1.1724395419996654
Fast,2,62,12,63,40880973,1,5,OK,-185.0,1.1402763749993028,1.1848964170003455,1,,,sensitivity_run,True,False,False,-185.0,1.1402763749993028,1,1.1848964170003455
Fast,2,62,12,63,40880973,2,3,OK,-235.0,0.4044424580006307,0.4492865829997754,0,,,sensitivity_run,True,False,False,-235.0,0.4044424580006307,0,0.4492865829997754
Fast,2,62,12,63,40880973,3,3,OK,-235.0,0.4132139590001316,0.4571189170001162,0,,,sensitivity_run,True,False,False,-235.0,0.4132139590001316,0,0.4571189170001162
Fast,2,62,12,64,40880974,1,3,OK,-215.0,0.3710077080031624,0.4191977919981582,0,,,baseline_checkpoint,True,False,False,-215.0,0.3710077080031624,0,0.4191977919981582
Fast,2,62,12,64,40880974,1,4,OK,-215.0,0.4195075829993584,0.4640355000001364,0,,,sensitivity_run,True,False,False,-215.0,0.4195075829993584,0,0.4640355000001364
Fast,2,62,12,64,40880974,1,5,OK,-215.0,0.3714587500007837,0.4165112910004609,0,,,sensitivity_run,True,False,False,-215.0,0.3714587500007837,0,0.4165112910004609
Fast,2,62,12,64,40880974,2,3,OK,-250.0,0.8272517499999594,0.8717716659994039,1,,,sensitivity_run,True,False,False,-250.0,0.8272517499999594,1,0.8717716659994039
Fast,2,62,12,64,40880974,3,3,OK,-285.0,0.7310678750000079,0.7756794580000133,2,,,sensitivity_run,True,False,False,-285.0,0.7310678750000079,2,0.7756794580000133
Fast,2,62,12,65,40880975,1,3,OK,-230.0,0.337616374999925,0.3863317919967812,0,,,baseline_checkpoint,True,False,False,-230.0,0.337616374999925,0,0.3863317919967812
Fast,2,62,12,65,40880975,1,4,OK,-230.0,0.3436562919996504,0.3874820419996467,0,,,sensitivity_run,True,False,False,-230.0,0.3436562919996504,0,0.3874820419996467
Fast,2,62,12,65,40880975,1,5,OK,-230.0,0.3782968340001389,0.4224125420005293,0,,,sensitivity_run,True,False,False,-230.0,0.3782968340001389,0,0.4224125420005293
Fast,2,62,12,65,40880975,2,3,OK,-265.0,0.7181077080003888,0.762024915999973,0,,,sensitivity_run,True,False,False,-265.0,0.7181077080003888,0,0.762024915999973
Fast,2,62,12,65,40880975,3,3,OK,-265.0,0.7146149580003112,0.7715251659992646,0,,,sensitivity_run,True,False,False,-265.0,0.7146149580003112,0,0.7715251659992646
Fast,2,62,12,66,40880976,1,3,OK,-245.0,0.6007169590011472,0.6492135419975966,0,,,baseline_checkpoint,True,False,False,-245.0,0.6007169590011472,0,0.6492135419975966
Fast,2,62,12,66,40880976,1,4,OK,-245.0,0.7030472500000542,0.7467610000003333,0,,,sensitivity_run,True,False,False,-245.0,0.7030472500000542,0,0.7467610000003333
Fast,2,62,12,66,40880976,1,5,OK,-245.0,0.6494872499997655,0.6937624590000269,0,,,sensitivity_run,True,False,False,-245.0,0.6494872499997655,0,0.6937624590000269
Fast,2,62,12,66,40880976,2,3,OK,-245.0,0.6030214169995816,0.6471447499998249,0,,,sensitivity_run,True,False,False,-245.0,0.6030214169995816,0,0.6471447499998249
Fast,2,62,12,66,40880976,3,3,OK,-245.0,0.6034876670000813,0.6479717920001349,0,,,sensitivity_run,True,False,False,-245.0,0.6034876670000813,0,0.6479717920001349
Fast,2,62,12,67,40880977,1,3,OK,-245.0,0.4122935420018621,0.4609237909971853,0,,,baseline_checkpoint,True,False,False,-245.0,0.4122935420018621,0,0.4609237909971853
Fast,2,62,12,67,40880977,1,4,OK,-245.0,0.7436682910001764,0.7881508330001452,0,,,sensitivity_run,True,False,False,-245.0,0.7436682910001764,0,0.7881508330001452
Fast,2,62,12,67,40880977,1,5,OK,-245.0,0.8084559590006393,0.8519296659997053,0,,,sensitivity_run,True,False,False,-245.0,0.8084559590006393,0,0.8519296659997053
Fast,2,62,12,67,40880977,2,3,OK,-280.0,0.397093374999713,0.4413781250004831,0,,,sensitivity_run,True,False,False,-280.0,0.397093374999713,0,0.4413781250004831
Fast,2,62,12,67,40880977,3,3,OK,-280.0,0.3959150419996149,0.4402082920005341,0,,,sensitivity_run,True,False,False,-280.0,0.3959150419996149,0,0.4402082920005341
Fast,2,62,12,68,40880978,1,3,OK,-230.0,1.1658948749973206,1.2144669589979458,1,,,baseline_checkpoint,True,False,False,-230.0,1.1658948749973206,1,1.2144669589979458
Fast,2,62,12,68,40880978,1,4,OK,-230.0,0.4977171250002357,0.5425925829995322,0,,,sensitivity_run,True,False,False,-230.0,0.4977171250002357,0,0.5425925829995322
Fast,2,62,12,68,40880978,1,5,OK,-230.0,1.1271621249998134,1.1708965829993758,1,,,sensitivity_run,True,False,False,-230.0,1.1271621249998134,1,1.1708965829993758
Fast,2,62,12,68,40880978,2,3,OK,-265.0,0.7564611249999871,0.8000768340007198,1,,,sensitivity_run,True,False,False,-265.0,0.7564611249999871,1,0.8000768340007198
Fast,2,62,12,68,40880978,3,3,OK,-265.0,0.7627374590001637,0.8071074999998018,1,,,sensitivity_run,True,False,False,-265.0,0.7627374590001637,1,0.8071074999998018
Fast,2,62,12,69,40880979,1,3,OK,-230.0,1.2382979160029208,1.3124543749945587,1,,,baseline_checkpoint,True,False,False,-230.0,1.2382979160029208,1,1.3124543749945587
Fast,2,62,12,69,40880979,1,4,OK,-230.0,1.23983062500065,1.284633917000065,1,,,sensitivity_run,True,False,False,-230.0,1.23983062500065,1,1.284633917000065
Fast,2,62,12,69,40880979,1,5,OK,-230.0,1.2236650840004586,1.2686397909992593,1,,,sensitivity_run,True,False,False,-230.0,1.2236650840004586,1,1.2686397909992593
Fast,2,62,12,69,40880979,2,3,OK,-265.0,1.6183324590001575,1.6625377919999664,1,,,sensitivity_run,True,False,False,-265.0,1.6183324590001575,1,1.6625377919999664
Fast,2,62,12,69,40880979,3,3,OK,-315.0,0.7917762920005771,0.8355182089999289,1,,,sensitivity_run,True,False,False,-315.0,0.7917762920005771,1,0.8355182089999289
Fast,2,62,12,70,40880980,1,3,OK,-230.0,0.5299280830004136,0.5786636249977164,0,,,baseline_checkpoint,True,False,False,-230.0,0.5299280830004136,0,0.5786636249977164
Fast,2,62,12,70,40880980,1,4,OK,-230.0,0.8009533750000628,0.8455671669998992,1,,,sensitivity_run,True,False,False,-230.0,0.8009533750000628,1,0.8455671669998992
Fast,2,62,12,70,40880980,1,5,OK,-230.0,0.7959486250001646,0.8402032080002755,1,,,sensitivity_run,True,False,False,-230.0,0.7959486250001646,1,0.8402032080002755
Fast,2,62,12,70,40880980,2,3,OK,-230.0,0.5313772909994441,0.5759756669995113,0,,,sensitivity_run,True,False,False,-230.0,0.5313772909994441,0,0.5759756669995113
Fast,2,62,12,70,40880980,3,3,OK,-230.0,0.5303228330003549,0.6025612910007112,0,,,sensitivity_run,True,False,False,-230.0,0.5303228330003549,0,0.6025612910007112
Fast,2,62,12,71,40880981,1,3,OK,-200.0,0.8556799579964718,0.9037936670065392,0,,,baseline_checkpoint,True,False,False,-200.0,0.8556799579964718,0,0.9037936670065392
Fast,2,62,12,71,40880981,1,4,OK,-230.0,0.3699257079997551,0.41433354199944,0,,,sensitivity_run,True,False,False,-230.0,0.3699257079997551,0,0.41433354199944
Fast,2,62,12,71,40880981,1,5,OK,-230.0,0.7735724590002064,0.8183077499998035,0,,,sensitivity_run,True,False,False,-230.0,0.7735724590002064,0,0.8183077499998035
Fast,2,62,12,71,40880981,2,3,OK,-210.0,3.986173665999559,4.03107508299945,5,,,sensitivity_run,True,False,False,-210.0,3.986173665999559,5,4.03107508299945
Fast,2,62,12,71,40880981,3,3,OK,-210.0,4.025245208000342,4.069319582999924,5,,,sensitivity_run,True,False,False,-210.0,4.025245208000342,5,4.069319582999924
Fast,2,62,12,72,40880982,1,3,OK,-230.0,0.9043145420000656,0.9527317920001224,0,,,baseline_checkpoint,True,False,False,-230.0,0.9043145420000656,0,0.9527317920001224
Fast,2,62,12,72,40880982,1,4,OK,-230.0,0.9137177499997052,0.9585732499999722,0,,,sensitivity_run,True,False,False,-230.0,0.9137177499997052,0,0.9585732499999722
Fast,2,62,12,72,40880982,1,5,OK,-230.0,0.7079446249999819,0.7526950829997077,0,,,sensitivity_run,True,False,False,-230.0,0.7079446249999819,0,0.7526950829997077
Fast,2,62,12,72,40880982,2,3,OK,-230.0,6.543127458000527,6.587570791999497,8,,,sensitivity_run,True,False,False,-230.0,6.543127458000527,8,6.587570791999497
Fast,2,62,12,72,40880982,3,3,OK,-230.0,6.548939459000394,6.594133333000173,8,,,sensitivity_run,True,False,False,-230.0,6.548939459000394,8,6.594133333000173
Fast,2,62,12,73,40880983,1,3,OK,-245.0,0.7932352089992492,0.8421822090022033,1,,,baseline_checkpoint,True,False,False,-245.0,0.7932352089992492,1,0.8421822090022033
Fast,2,62,12,73,40880983,1,4,OK,-245.0,1.2750248749998718,1.3193124580002404,1,,,sensitivity_run,True,False,False,-245.0,1.2750248749998718,1,1.3193124580002404
Fast,2,62,12,73,40880983,1,5,OK,-245.0,0.990869332999864,1.0351560419994712,1,,,sensitivity_run,True,False,False,-245.0,0.990869332999864,1,1.0351560419994712
Fast,2,62,12,73,40880983,2,3,OK,-280.0,1.144230707999668,1.1886992500003544,1,,,sensitivity_run,True,False,False,-280.0,1.144230707999668,1,1.1886992500003544
Fast,2,62,12,73,40880983,3,3,OK,-280.0,1.1861472079999658,1.2312147500006176,1,,,sensitivity_run,True,False,False,-280.0,1.1861472079999658,1,1.2312147500006176
Fast,2,62,12,74,40880984,1,3,OK,-190.0,0.5392752499974449,0.5879772909975145,0,,,baseline_checkpoint,True,False,False,-190.0,0.5392752499974449,0,0.5879772909975145
Fast,2,62,12,74,40880984,1,4,OK,-215.0,0.549218416000258,0.5950452919996678,0,,,sensitivity_run,True,False,False,-215.0,0.549218416000258,0,0.5950452919996678
Fast,2,62,12,74,40880984,1,5,OK,-230.0,0.8797982500000217,0.9244644580003296,0,,,sensitivity_run,True,False,False,-230.0,0.8797982500000217,0,0.9244644580003296
Fast,2,62,12,74,40880984,2,3,OK,-190.0,0.5210910410005454,0.5655506249995597,0,,,sensitivity_run,True,False,False,-190.0,0.5210910410005454,0,0.5655506249995597
Fast,2,62,12,74,40880984,3,3,OK,-190.0,0.5194472920002227,0.5646389170005932,0,,,sensitivity_run,True,False,False,-190.0,0.5194472920002227,0,0.5646389170005932
Fast,2,62,12,75,40880985,1,3,OK,-230.0,0.5286720829972182,0.5775467079947703,0,,,baseline_checkpoint,True,False,False,-230.0,0.5286720829972182,0,0.5775467079947703
Fast,2,62,12,75,40880985,1,4,OK,-230.0,0.7090056249999179,0.7527192919997105,0,,,sensitivity_run,True,False,False,-230.0,0.7090056249999179,0,0.7527192919997105
Fast,2,62,12,75,40880985,1,5,OK,-230.0,0.908323958999972,0.9525645419998908,0,,,sensitivity_run,True,False,False,-230.0,0.908323958999972,0,0.9525645419998908
Fast,2,62,12,75,40880985,2,3,OK,-265.0,0.80488695799977,0.8491686249999475,0,,,sensitivity_run,True,False,False,-265.0,0.80488695799977,0,0.8491686249999475
Fast,2,62,12,75,40880985,3,3,OK,-265.0,0.7874688749998313,0.8440860410000823,0,,,sensitivity_run,True,False,False,-265.0,0.7874688749998313,0,0.8440860410000823
Fast,2,62,12,76,40880986,1,3,OK,-230.0,0.5045593329996336,0.5534320000006119,0,,,baseline_checkpoint,True,False,False,-230.0,0.5045593329996336,0,0.5534320000006119
Fast,2,62,12,76,40880986,1,4,OK,-230.0,0.8105541670001912,0.8547055419994649,0,,,sensitivity_run,True,False,False,-230.0,0.8105541670001912,0,0.8547055419994649
Fast,2,62,12,76,40880986,1,5,OK,-230.0,0.7378461660000539,0.7822206250002637,0,,,sensitivity_run,True,False,False,-230.0,0.7378461660000539,0,0.7822206250002637
Fast,2,62,12,76,40880986,2,3,OK,-265.0,0.4906489159993725,0.5344946670002173,0,,,sensitivity_run,True,False,False,-265.0,0.4906489159993725,0,0.5344946670002173
Fast,2,62,12,76,40880986,3,3,OK,-265.0,0.4957275419992584,0.5407356670002628,0,,,sensitivity_run,True,False,False,-265.0,0.4957275419992584,0,0.5407356670002628
Fast,2,62,12,77,40880987,1,3,OK,-200.0,4.882277374999831,4.93177999999898,7,,,baseline_checkpoint,True,False,False,-200.0,4.882277374999831,7,4.93177999999898
Fast,2,62,12,77,40880987,1,4,OK,-230.0,0.3764952500005165,0.4201574580001761,0,,,sensitivity_run,True,False,False,-230.0,0.3764952500005165,0,0.4201574580001761
Fast,2,62,12,77,40880987,1,5,OK,-230.0,0.4145762500002092,0.4591023749999294,0,,,sensitivity_run,True,False,False,-230.0,0.4145762500002092,0,0.4591023749999294
Fast,2,62,12,77,40880987,2,3,OK,-225.0,5.385308999999324,5.429936333000114,7,,,sensitivity_run,True,False,False,-225.0,5.385308999999324,7,5.429936333000114
Fast,2,62,12,77,40880987,3,3,OK,-225.0,5.100254500000119,5.144686000000547,7,,,sensitivity_run,True,False,False,-225.0,5.100254500000119,7,5.144686000000547
Fast,2,62,12,78,40880988,1,3,OK,-230.0,1.7071897499990882,1.7563313749997178,2,,,baseline_checkpoint,True,False,False,-230.0,1.7071897499990882,2,1.7563313749997178
Fast,2,62,12,78,40880988,1,4,OK,-230.0,0.6506101670001954,0.6948460409994368,0,,,sensitivity_run,True,False,False,-230.0,0.6506101670001954,0,0.6948460409994368
Fast,2,62,12,78,40880988,1,5,OK,-230.0,0.7555458329998146,0.7990315839997493,0,,,sensitivity_run,True,False,False,-230.0,0.7555458329998146,0,0.7990315839997493
Fast,2,62,12,78,40880988,2,3,OK,-265.0,1.805610999999772,1.879403082999488,2,,,sensitivity_run,True,False,False,-265.0,1.805610999999772,2,1.879403082999488
Fast,2,62,12,78,40880988,3,3,OK,-300.0,0.651878458000283,0.6959158750005372,0,,,sensitivity_run,True,False,False,-300.0,0.651878458000283,0,0.6959158750005372
Fast,2,62,12,79,40880989,1,3,OK,-215.0,0.3842442500026664,0.4327310000007855,0,,,baseline_checkpoint,True,False,False,-215.0,0.3842442500026664,0,0.4327310000007855
Fast,2,62,12,79,40880989,1,4,OK,-215.0,0.6341286670003683,0.6779924579996077,0,,,sensitivity_run,True,False,False,-215.0,0.6341286670003683,0,0.6779924579996077
Fast,2,62,12,79,40880989,1,5,OK,-215.0,0.3864222499996685,0.430692832999739,0,,,sensitivity_run,True,False,False,-215.0,0.3864222499996685,0,0.430692832999739
Fast,2,62,12,79,40880989,2,3,OK,-235.0,1.5957738329998392,1.640006999999969,2,,,sensitivity_run,True,False,False,-235.0,1.5957738329998392,2,1.640006999999969
Fast,2,62,12,79,40880989,3,3,OK,-235.0,1.6369803750003484,1.6815757080003095,2,,,sensitivity_run,True,False,False,-235.0,1.6369803750003484,2,1.6815757080003095
Fast,2,62,12,80,40880990,1,3,OK,-215.0,0.7318881669998518,0.7817056669955491,0,,,baseline_checkpoint,True,False,False,-215.0,0.7318881669998518,0,0.7817056669955491
Fast,2,62,12,80,40880990,1,4,OK,-215.0,0.6136958749993937,0.6574540840001646,0,,,sensitivity_run,True,False,False,-215.0,0.6136958749993937,0,0.6574540840001646
Fast,2,62,12,80,40880990,1,5,OK,-215.0,0.5769102909998765,0.6207571249997272,0,,,sensitivity_run,True,False,False,-215.0,0.5769102909998765,0,0.6207571249997272
Fast,2,62,12,80,40880990,2,3,OK,-265.0,2.32631979100006,2.3703773750003165,2,,,sensitivity_run,True,False,False,-265.0,2.32631979100006,2,2.3703773750003165
Fast,2,62,12,80,40880990,3,3,OK,-300.0,0.9466713749998236,0.9902850409998792,1,,,sensitivity_run,True,False,False,-300.0,0.9466713749998236,1,0.9902850409998792
Fast,2,62,12,81,40880991,1,3,OK,-245.0,0.4896211250015767,0.5381539160007378,0,,,baseline_checkpoint,True,False,False,-245.0,0.4896211250015767,0,0.5381539160007378
Fast,2,62,12,81,40880991,1,4,OK,-245.0,1.6623310420000053,1.705838999999287,2,,,sensitivity_run,True,False,False,-245.0,1.6623310420000053,2,1.705838999999287
Fast,2,62,12,81,40880991,1,5,OK,-245.0,1.6563743329998033,1.7250559160002013,2,,,sensitivity_run,True,False,False,-245.0,1.6563743329998033,2,1.7250559160002013
Fast,2,62,12,81,40880991,2,3,OK,-280.0,1.5492393330005143,1.5933000839995657,2,,,sensitivity_run,True,False,False,-280.0,1.5492393330005143,2,1.5933000839995657
Fast,2,62,12,81,40880991,3,3,OK,-315.0,1.337631166000392,1.3813658750004834,1,,,sensitivity_run,True,False,False,-315.0,1.337631166000392,1,1.3813658750004834
Fast,2,62,12,82,40880992,1,3,OK,-200.0,1.4921927499963203,1.5408945420058444,1,,,baseline_checkpoint,True,False,False,-200.0,1.4921927499963203,1,1.5408945420058444
Fast,2,62,12,82,40880992,1,4,OK,-200.0,1.2874126659999092,1.3322826670000725,1,,,sensitivity_run,True,False,False,-200.0,1.2874126659999092,1,1.3322826670000725
Fast,2,62,12,82,40880992,1,5,OK,-200.0,1.3129107920003662,1.3570410419997645,1,,,sensitivity_run,True,False,False,-200.0,1.3129107920003662,1,1.3570410419997645
Fast,2,62,12,82,40880992,2,3,OK,-235.0,1.3430438750001483,1.3992738340002688,1,,,sensitivity_run,True,False,False,-235.0,1.3430438750001483,1,1.3992738340002688
Fast,2,62,12,82,40880992,3,3,OK,-285.0,0.7804595839998001,0.8252833750002537,0,,,sensitivity_run,True,False,False,-285.0,0.7804595839998001,0,0.8252833750002537
Fast,2,62,12,83,40880993,1,3,OK,-230.0,0.3419152919959742,0.3906766669970238,0,,,baseline_checkpoint,True,False,False,-230.0,0.3419152919959742,0,0.3906766669970238
Fast,2,62,12,83,40880993,1,4,OK,-230.0,0.3398737910001728,0.3841711249997388,0,,,sensitivity_run,True,False,False,-230.0,0.3398737910001728,0,0.3841711249997388
Fast,2,62,12,83,40880993,1,5,OK,-230.0,0.5324739170000612,0.5771025840003858,0,,,sensitivity_run,True,False,False,-230.0,0.5324739170000612,0,0.5771025840003858
Fast,2,62,12,83,40880993,2,3,OK,-250.0,1.4088332080000328,1.452860375000455,2,,,sensitivity_run,True,False,False,-250.0,1.4088332080000328,2,1.452860375000455
Fast,2,62,12,83,40880993,3,3,OK,-250.0,1.401964124999722,1.4460173750003378,2,,,sensitivity_run,True,False,False,-250.0,1.401964124999722,2,1.4460173750003378
Fast,2,62,12,84,40880994,1,3,OK,-185.0,0.8405498749998515,0.8901987920035026,0,,,baseline_checkpoint,True,False,False,-185.0,0.8405498749998515,0,0.8901987920035026
Fast,2,62,12,84,40880994,1,4,OK,-185.0,1.250527250000232,1.2953019589995165,1,,,sensitivity_run,True,False,False,-185.0,1.250527250000232,1,1.2953019589995165
Fast,2,62,12,84,40880994,1,5,OK,-185.0,1.270345416000055,1.3146605000001728,1,,,sensitivity_run,True,False,False,-185.0,1.270345416000055,1,1.3146605000001728
Fast,2,62,12,84,40880994,2,3,OK,-235.0,1.3785666659996425,1.4233914160004133,1,,,sensitivity_run,True,False,False,-235.0,1.3785666659996425,1,1.4233914160004133
Fast,2,62,12,84,40880994,3,3,OK,-285.0,0.3966049170003316,0.4708462500002497,0,,,sensitivity_run,True,False,False,-285.0,0.3966049170003316,0,0.4708462500002497
Fast,2,62,12,85,40880995,1,3,OK,-215.0,0.5703930000017863,0.6439064590013004,0,,,baseline_checkpoint,True,False,False,-215.0,0.5703930000017863,0,0.6439064590013004
Fast,2,62,12,85,40880995,1,4,OK,-215.0,0.4951879999998709,0.5394279169995571,0,,,sensitivity_run,True,False,False,-215.0,0.4951879999998709,0,0.5394279169995571
Fast,2,62,12,85,40880995,1,5,OK,-215.0,0.4535461660007058,0.4978388750005251,0,,,sensitivity_run,True,False,False,-215.0,0.4535461660007058,0,0.4978388750005251
Fast,2,62,12,85,40880995,2,3,OK,-250.0,0.6014678749997984,0.6461957920000714,0,,,sensitivity_run,True,False,False,-250.0,0.6014678749997984,0,0.6461957920000714
Fast,2,62,12,85,40880995,3,3,OK,-300.0,0.3202282080001168,0.365267875000427,0,,,sensitivity_run,True,False,False,-300.0,0.3202282080001168,0,0.365267875000427
Fast,2,62,12,86,40880996,1,3,OK,-230.0,1.2087712080028723,1.257462707995728,1,,,baseline_checkpoint,True,False,False,-230.0,1.2087712080028723,1,1.257462707995728
Fast,2,62,12,86,40880996,1,4,OK,-230.0,1.2543405830001575,1.2986773339998765,1,,,sensitivity_run,True,False,False,-230.0,1.2543405830001575,1,1.2986773339998765
Fast,2,62,12,86,40880996,1,5,OK,-230.0,0.7450922079997326,0.7896545419998802,0,,,sensitivity_run,True,False,False,-230.0,0.7450922079997326,0,0.7896545419998802
Fast,2,62,12,86,40880996,2,3,OK,-250.0,4.547469209000155,4.592223124999691,5,,,sensitivity_run,True,False,False,-250.0,4.547469209000155,5,4.592223124999691
Fast,2,62,12,86,40880996,3,3,OK,-250.0,4.520088625000426,4.56422670899974,5,,,sensitivity_run,True,False,False,-250.0,4.520088625000426,5,4.56422670899974
Fast,2,62,12,87,40880997,1,3,OK,-200.0,0.4136893329996383,0.4625065000000177,0,,,baseline_checkpoint,True,False,False,-200.0,0.4136893329996383,0,0.4625065000000177
Fast,2,62,12,87,40880997,1,4,OK,-200.0,0.4021270410003126,0.4467156250002517,0,,,sensitivity_run,True,False,False,-200.0,0.4021270410003126,0,0.4467156250002517
Fast,2,62,12,87,40880997,1,5,OK,-200.0,0.40196350000042,0.446705875000589,0,,,sensitivity_run,True,False,False,-200.0,0.40196350000042,0,0.446705875000589
Fast,2,62,12,87,40880997,2,3,OK,-235.0,0.6738196249998509,0.7187253329993837,0,,,sensitivity_run,True,False,False,-235.0,0.6738196249998509,0,0.7187253329993837
Fast,2,62,12,87,40880997,3,3,OK,-285.0,0.4718928329994014,0.516643459000079,0,,,sensitivity_run,True,False,False,-285.0,0.4718928329994014,0,0.516643459000079
Fast,2,62,12,88,40880998,1,3,OK,-230.0,0.7686533330052043,0.8323705410002731,0,,,baseline_checkpoint,True,False,False,-230.0,0.7686533330052043,0,0.8323705410002731
Fast,2,62,12,88,40880998,1,4,OK,-230.0,1.078289959000358,1.122545708999496,1,,,sensitivity_run,True,False,False,-230.0,1.078289959000358,1,1.122545708999496
Fast,2,62,12,88,40880998,1,5,OK,-230.0,1.6347695419999582,1.6913580419995924,1,,,sensitivity_run,True,False,False,-230.0,1.6347695419999582,1,1.6913580419995924
Fast,2,62,12,88,40880998,2,3,OK,-265.0,1.6718907919994308,1.7169764159998522,1,,,sensitivity_run,True,False,False,-265.0,1.6718907919994308,1,1.7169764159998522
Fast,2,62,12,88,40880998,3,3,OK,-300.0,0.6883879580000212,0.7327120840000134,0,,,sensitivity_run,True,False,False,-300.0,0.6883879580000212,0,0.7327120840000134
Fast,2,62,12,89,40880999,1,3,OK,-215.0,0.4052560420022928,0.4539525000000139,0,,,baseline_checkpoint,True,False,False,-215.0,0.4052560420022928,0,0.4539525000000139
Fast,2,62,12,89,40880999,1,4,OK,-215.0,0.502797291999741,0.547136249999312,0,,,sensitivity_run,True,False,False,-215.0,0.502797291999741,0,0.547136249999312
Fast,2,62,12,89,40880999,1,5,OK,-215.0,0.5800667499997871,0.624771624999994,0,,,sensitivity_run,True,False,False,-215.0,0.5800667499997871,0,0.624771624999994
Fast,2,62,12,89,40880999,2,3,OK,-220.0,10.851358582999636,10.895965333000277,14,,,sensitivity_run,True,False,False,-220.0,10.851358582999636,14,10.895965333000277
Fast,2,62,12,89,40880999,3,3,OK,-220.0,10.888546457999835,10.933996958000536,14,,,sensitivity_run,True,False,False,-220.0,10.888546457999835,14,10.933996958000536
Fast,2,62,12,90,40881000,1,3,OK,-205.0,3.575486958005058,3.624036084002,6,,,baseline_checkpoint,True,False,False,-205.0,3.575486958005058,6,3.624036084002
Fast,2,62,12,90,40881000,1,4,OK,-205.0,1.011660666999887,1.056361332999586,1,,,sensitivity_run,True,False,False,-205.0,1.011660666999887,1,1.056361332999586
Fast,2,62,12,90,40881000,1,5,OK,-205.0,0.4037746249996417,0.4490461670002332,0,,,sensitivity_run,True,False,False,-205.0,0.4037746249996417,0,0.4490461670002332
Fast,2,62,12,90,40881000,2,3,OK,-240.0,3.3005047499991638,3.345239375000346,6,,,sensitivity_run,True,False,False,-240.0,3.3005047499991638,6,3.345239375000346
Fast,2,62,12,90,40881000,3,3,OK,-290.0,3.388521583000511,3.433327959000053,5,,,sensitivity_run,True,False,False,-290.0,3.388521583000511,5,3.433327959000053
Fast,2,62,12,91,40881001,1,3,OK,-215.0,2.30287391699676,2.351726958004292,2,,,baseline_checkpoint,True,False,False,-215.0,2.30287391699676,2,2.351726958004292
Fast,2,62,12,91,40881001,1,4,OK,-230.0,0.5063566670005457,0.5517915840000569,0,,,sensitivity_run,True,False,False,-230.0,0.5063566670005457,0,0.5517915840000569
Fast,2,62,12,91,40881001,1,5,OK,-230.0,1.5352918749995297,1.5795381660000205,2,,,sensitivity_run,True,False,False,-230.0,1.5352918749995297,2,1.5795381660000205
Fast,2,62,12,91,40881001,2,3,OK,-240.0,4.379231624999193,4.4242982499999925,5,,,sensitivity_run,True,False,False,-240.0,4.379231624999193,5,4.4242982499999925
Fast,2,62,12,91,40881001,3,3,OK,-240.0,4.353945834000115,4.411128792000454,5,,,sensitivity_run,True,False,False,-240.0,4.353945834000115,5,4.411128792000454
Fast,2,62,12,92,40881002,1,3,OK,-230.0,0.67953608300013,0.7285717920021852,1,,,baseline_checkpoint,True,False,False,-230.0,0.67953608300013,1,0.7285717920021852
Fast,2,62,12,92,40881002,1,4,OK,-230.0,0.3439768329999424,0.388605665999421,0,,,sensitivity_run,True,False,False,-230.0,0.3439768329999424,0,0.388605665999421
Fast,2,62,12,92,40881002,1,5,OK,-230.0,0.8716555000000881,0.9160684170001332,1,,,sensitivity_run,True,False,False,-230.0,0.8716555000000881,1,0.9160684170001332
Fast,2,62,12,92,40881002,2,3,OK,-265.0,0.3893367079999734,0.4337865830002556,0,,,sensitivity_run,True,False,False,-265.0,0.3893367079999734,0,0.4337865830002556
Fast,2,62,12,92,40881002,3,3,OK,-285.0,0.7305629590000535,0.7750087080003141,0,,,sensitivity_run,True,False,False,-285.0,0.7305629590000535,0,0.7750087080003141
Fast,2,62,12,93,40881003,1,3,OK,-215.0,0.8288601249951171,0.8770960840047337,0,,,baseline_checkpoint,True,False,False,-215.0,0.8288601249951171,0,0.8770960840047337
Fast,2,62,12,93,40881003,1,4,OK,-230.0,0.6159714170007646,0.6601983749997089,0,,,sensitivity_run,True,False,False,-230.0,0.6159714170007646,0,0.6601983749997089
Fast,2,62,12,93,40881003,1,5,OK,-230.0,0.8356562500002838,0.8804509999999937,0,,,sensitivity_run,True,False,False,-230.0,0.8356562500002838,0,0.8804509999999937
Fast,2,62,12,93,40881003,2,3,OK,-250.0,2.952335082999525,2.9972056669994345,6,,,sensitivity_run,True,False,False,-250.0,2.952335082999525,6,2.9972056669994345
Fast,2,62,12,93,40881003,3,3,OK,-275.0,0.5999374579996584,0.6452945000000909,0,,,sensitivity_run,True,False,False,-275.0,0.5999374579996584,0,0.6452945000000909
Fast,2,62,12,94,40881004,1,3,OK,-205.0,3.303777375003847,3.3528807499969844,7,,,baseline_checkpoint,True,False,False,-205.0,3.303777375003847,7,3.3528807499969844
Fast,2,62,12,94,40881004,1,4,OK,-205.0,1.1333497499999794,1.1785938330003771,1,,,sensitivity_run,True,False,False,-205.0,1.1333497499999794,1,1.1785938330003771
Fast,2,62,12,94,40881004,1,5,OK,-205.0,0.8005586660001427,0.8452603329997146,1,,,sensitivity_run,True,False,False,-205.0,0.8005586660001427,1,0.8452603329997146
Fast,2,62,12,94,40881004,2,3,OK,-240.0,3.2186815840004783,3.2635536670004512,5,,,sensitivity_run,True,False,False,-240.0,3.2186815840004783,5,3.2635536670004512
Fast,2,62,12,94,40881004,3,3,OK,-290.0,0.7929451669997434,0.8380437499999971,1,,,sensitivity_run,True,False,False,-290.0,0.7929451669997434,1,0.8380437499999971
Fast,2,62,12,95,40881005,1,3,OK,-200.0,0.641758582998591,0.6903087079990655,0,,,baseline_checkpoint,True,False,False,-200.0,0.641758582998591,0,0.6903087079990655
Fast,2,62,12,95,40881005,1,4,OK,-200.0,0.6362909580002452,0.6812461669996992,0,,,sensitivity_run,True,False,False,-200.0,0.6362909580002452,0,0.6812461669996992
Fast,2,62,12,95,40881005,1,5,OK,-200.0,0.582041582999409,0.6261136249995616,0,,,sensitivity_run,True,False,False,-200.0,0.582041582999409,0,0.6261136249995616
Fast,2,62,12,95,40881005,2,3,OK,-250.0,0.3827943750002305,0.4270274159998735,0,,,sensitivity_run,True,False,False,-250.0,0.3827943750002305,0,0.4270274159998735
Fast,2,62,12,95,40881005,3,3,OK,-250.0,0.4085422920006749,0.4531318339995778,0,,,sensitivity_run,True,False,False,-250.0,0.4085422920006749,0,0.4531318339995778
Fast,2,62,12,96,40881006,1,3,OK,-200.0,1.3999703339941334,1.4493568339967169,1,,,baseline_checkpoint,True,False,False,-200.0,1.3999703339941334,1,1.4493568339967169
Fast,2,62,12,96,40881006,1,4,OK,-215.0,1.7909965419994478,1.8351275420000093,1,,,sensitivity_run,True,False,False,-215.0,1.7909965419994478,1,1.8351275420000093
Fast,2,62,12,96,40881006,1,5,OK,-215.0,0.6171484160004184,0.6621421250001731,0,,,sensitivity_run,True,False,False,-215.0,0.6171484160004184,0,0.6621421250001731
Fast,2,62,12,96,40881006,2,3,OK,-235.0,1.5404010839993134,1.584729666000385,1,,,sensitivity_run,True,False,False,-235.0,1.5404010839993134,1,1.584729666000385
Fast,2,62,12,96,40881006,3,3,OK,-245.0,1.107462250000026,1.1522602909999478,1,,,sensitivity_run,True,False,False,-245.0,1.107462250000026,1,1.1522602909999478
Fast,2,62,12,97,40881007,1,3,OK,-230.0,0.5439506249967963,0.5930496250002761,0,,,baseline_checkpoint,True,False,False,-230.0,0.5439506249967963,0,0.5930496250002761
Fast,2,62,12,97,40881007,1,4,OK,-230.0,0.5939952500002619,0.6378041660000235,0,,,sensitivity_run,True,False,False,-230.0,0.5939952500002619,0,0.6378041660000235
Fast,2,62,12,97,40881007,1,5,OK,-230.0,1.2793660409997756,1.3234957919994486,1,,,sensitivity_run,True,False,False,-230.0,1.2793660409997756,1,1.3234957919994486
Fast,2,62,12,97,40881007,2,3,OK,-265.0,2.733425917000204,2.777904917000342,4,,,sensitivity_run,True,False,False,-265.0,2.733425917000204,4,2.777904917000342
Fast,2,62,12,97,40881007,3,3,OK,-300.0,1.8029974999999467,1.847375958999692,2,,,sensitivity_run,True,False,False,-300.0,1.8029974999999467,2,1.847375958999692
Fast,2,62,12,98,40881008,1,3,OK,-230.0,1.5242543330023182,1.5731278749954072,2,,,baseline_checkpoint,True,False,False,-230.0,1.5242543330023182,2,1.5731278749954072
Fast,2,62,12,98,40881008,1,4,OK,-245.0,0.4529665829995792,0.4969886670005508,0,,,sensitivity_run,True,False,False,-245.0,0.4529665829995792,0,0.4969886670005508
Fast,2,62,12,98,40881008,1,5,OK,-245.0,0.865308415999607,0.9096936659998393,1,,,sensitivity_run,True,False,False,-245.0,0.865308415999607,1,0.9096936659998393
Fast,2,62,12,98,40881008,2,3,OK,-265.0,0.272162666999975,0.3292975000003935,0,,,sensitivity_run,True,False,False,-265.0,0.272162666999975,0,0.3292975000003935
Fast,2,62,12,98,40881008,3,3,OK,-265.0,0.2812386249997871,0.3256793330001528,0,,,sensitivity_run,True,False,False,-265.0,0.2812386249997871,0,0.3256793330001528
Fast,2,62,12,99,40881009,1,3,OK,-230.0,0.4395002920064144,0.4893219169971416,0,,,baseline_checkpoint,True,False,False,-230.0,0.4395002920064144,0,0.4893219169971416
Fast,2,62,12,99,40881009,1,4,OK,-245.0,0.3062177920000977,0.3505215000004682,0,,,sensitivity_run,True,False,False,-245.0,0.3062177920000977,0,0.3505215000004682
Fast,2,62,12,99,40881009,1,5,OK,-245.0,0.4982075830002941,0.542980166000234,0,,,sensitivity_run,True,False,False,-245.0,0.4982075830002941,0,0.542980166000234
Fast,2,62,12,99,40881009,2,3,OK,-265.0,0.6911574579999069,0.7355623330004164,0,,,sensitivity_run,True,False,False,-265.0,0.6911574579999069,0,0.7355623330004164
Fast,2,62,12,99,40881009,3,3,OK,-285.0,0.6104629580004257,0.6553512500004217,0,,,sensitivity_run,True,False,False,-285.0,0.6104629580004257,0,0.6553512500004217
Fast,2,62,12,100,40881010,1,3,OK,-245.0,0.3973769170042942,0.4457804999983636,0,,,baseline_checkpoint,True,False,False,-245.0,0.3973769170042942,0,0.4457804999983636
Fast,2,62,12,100,40881010,1,4,OK,-245.0,0.4018350839996856,0.4458223749998069,0,,,sensitivity_run,True,False,False,-245.0,0.4018350839996856,0,0.4458223749998069
Fast,2,62,12,100,40881010,1,5,OK,-245.0,0.5684616669996103,0.6126389159999235,0,,,sensitivity_run,True,False,False,-245.0,0.5684616669996103,0,0.6126389159999235
Fast,2,62,12,100,40881010,2,3,OK,-280.0,0.819925916000102,0.8643500410007618,0,,,sensitivity_run,True,False,False,-280.0,0.819925916000102,0,0.8643500410007618
Fast,2,62,12,100,40881010,3,3,OK,-315.0,0.7375593750002736,0.7823222079996413,0,,,sensitivity_run,True,False,False,-315.0,0.7375593750002736,0,0.7823222079996413
Moderate,1,62,12,1,30880911,1,3,OK,-160.0,5.870321499998681,5.920661457999813,8,,,baseline_checkpoint,True,False,False,-160.0,5.870321499998681,8,5.920661457999813
Moderate,1,62,12,1,30880911,1,4,OK,-160.0,1.842536375000236,1.885467874999904,2,,,sensitivity_run,True,False,False,-160.0,1.842536375000236,2,1.885467874999904
Moderate,1,62,12,1,30880911,1,5,OK,-160.0,1.654927458000202,1.6978579999999963,1,,,sensitivity_run,True,False,False,-160.0,1.654927458000202,1,1.6978579999999963
Moderate,1,62,12,1,30880911,2,3,OK,-235.0,8.269188542000393,8.314192958000149,16,,,sensitivity_run,True,False,False,-235.0,8.269188542000393,16,8.314192958000149
Moderate,1,62,12,1,30880911,3,3,OK,-285.0,12.659434583000348,12.702649750000091,25,,,sensitivity_run,True,False,False,-285.0,12.659434583000348,25,12.702649750000091
Moderate,1,62,12,2,30880912,1,3,OK,-200.0,1.8825507500005187,1.9446243749989665,5,,,baseline_checkpoint,True,False,False,-200.0,1.8825507500005187,5,1.9446243749989665
Moderate,1,62,12,2,30880912,1,4,OK,-200.0,1.2500497500000165,1.2928449580003871,5,,,sensitivity_run,True,False,False,-200.0,1.2500497500000165,5,1.2928449580003871
Moderate,1,62,12,2,30880912,1,5,OK,-200.0,0.396536875000038,0.4396131670000613,0,,,sensitivity_run,True,False,False,-200.0,0.396536875000038,0,0.4396131670000613
Moderate,1,62,12,2,30880912,2,3,OK,-250.0,0.6017429170001378,0.6582365409999511,1,,,sensitivity_run,True,False,False,-250.0,0.6017429170001378,1,0.6582365409999511
Moderate,1,62,12,2,30880912,3,3,OK,-300.0,0.3526225420000628,0.3951288339999337,1,,,sensitivity_run,True,False,False,-300.0,0.3526225420000628,1,0.3951288339999337
Moderate,1,62,12,3,30880913,1,3,OK,-200.0,0.3956149999976333,0.445300874998793,0,,,baseline_checkpoint,True,False,False,-200.0,0.3956149999976333,0,0.445300874998793
Moderate,1,62,12,3,30880913,1,4,OK,-200.0,0.5973613329997534,0.6394116670003314,0,,,sensitivity_run,True,False,False,-200.0,0.5973613329997534,0,0.6394116670003314
Moderate,1,62,12,3,30880913,1,5,OK,-215.0,0.3926214160001109,0.4353273749998152,0,,,sensitivity_run,True,False,False,-215.0,0.3926214160001109,0,0.4353273749998152
Moderate,1,62,12,3,30880913,2,3,OK,-250.0,0.1845663750000312,0.2278147920001174,0,,,sensitivity_run,True,False,False,-250.0,0.1845663750000312,0,0.2278147920001174
Moderate,1,62,12,3,30880913,3,3,OK,-300.0,0.1797887090001495,0.2222464589999617,0,,,sensitivity_run,True,False,False,-300.0,0.1797887090001495,0,0.2222464589999617
Moderate,1,62,12,4,30880914,1,3,OK,-185.0,0.3643315420013095,0.4148409160006849,0,,,baseline_checkpoint,True,False,False,-185.0,0.3643315420013095,0,0.4148409160006849
Moderate,1,62,12,4,30880914,1,4,OK,-185.0,0.3682822079999823,0.4114872089999153,0,,,sensitivity_run,True,False,False,-185.0,0.3682822079999823,0,0.4114872089999153
Moderate,1,62,12,4,30880914,1,5,OK,-185.0,0.3683631670000977,0.411655249999967,0,,,sensitivity_run,True,False,False,-185.0,0.3683631670000977,0,0.411655249999967
Moderate,1,62,12,4,30880914,2,3,OK,-235.0,0.7580692500000623,0.828546333000304,2,,,sensitivity_run,True,False,False,-235.0,0.7580692500000623,2,0.828546333000304
Moderate,1,62,12,4,30880914,3,3,OK,-270.0,3.7162342500000713,3.7590081670000473,7,,,sensitivity_run,True,False,False,-270.0,3.7162342500000713,7,3.7590081670000473
Moderate,1,62,12,5,30880915,1,3,OK,-215.0,0.5609729169991624,0.6109470000010333,0,,,baseline_checkpoint,True,False,False,-215.0,0.5609729169991624,0,0.6109470000010333
Moderate,1,62,12,5,30880915,1,4,OK,-215.0,0.2630465829997774,0.3058679999999185,0,,,sensitivity_run,True,False,False,-215.0,0.2630465829997774,0,0.3058679999999185
Moderate,1,62,12,5,30880915,1,5,OK,-215.0,0.4684520000000702,0.5114628749997792,0,,,sensitivity_run,True,False,False,-215.0,0.4684520000000702,0,0.5114628749997792
Moderate,1,62,12,5,30880915,2,3,OK,-265.0,0.2728238750000855,0.3162464580000232,0,,,sensitivity_run,True,False,False,-265.0,0.2728238750000855,0,0.3162464580000232
Moderate,1,62,12,5,30880915,3,3,OK,-300.0,1.0943882500000657,1.1372028750001846,4,,,sensitivity_run,True,False,False,-300.0,1.0943882500000657,4,1.1372028750001846
Moderate,1,62,12,6,30880916,1,3,OK,-200.0,1.2473366250014806,1.2968502920011815,3,,,baseline_checkpoint,True,False,False,-200.0,1.2473366250014806,3,1.2968502920011815
Moderate,1,62,12,6,30880916,1,4,OK,-200.0,1.4473115830001009,1.4903617090003536,3,,,sensitivity_run,True,False,False,-200.0,1.4473115830001009,3,1.4903617090003536
Moderate,1,62,12,6,30880916,1,5,OK,-200.0,2.236439000000246,2.2790659580000465,6,,,sensitivity_run,True,False,False,-200.0,2.236439000000246,6,2.2790659580000465
Moderate,1,62,12,6,30880916,2,3,OK,-250.0,0.2543952919995718,0.2972143339998183,0,,,sensitivity_run,True,False,False,-250.0,0.2543952919995718,0,0.2972143339998183
Moderate,1,62,12,6,30880916,3,3,OK,-300.0,0.7367064580002989,0.7802216670002053,3,,,sensitivity_run,True,False,False,-300.0,0.7367064580002989,3,0.7802216670002053
Moderate,1,62,12,7,30880917,1,3,OK,-230.0,28.277564750002057,28.32742616700125,43,,,baseline_checkpoint,True,False,False,-230.0,28.277564750002057,43,28.32742616700125
Moderate,1,62,12,7,30880917,1,4,OK,-230.0,17.829696499999955,17.872557541999868,27,,,sensitivity_run,True,False,False,-230.0,17.829696499999955,27,17.872557541999868
Moderate,1,62,12,7,30880917,1,5,OK,-245.0,17.20810320800001,17.26361091700028,30,,,sensitivity_run,True,False,False,-245.0,17.20810320800001,30,17.26361091700028
Moderate,1,62,12,7,30880917,2,3,OK,-280.0,6.816913666999881,6.860258958000031,18,,,sensitivity_run,True,False,False,-280.0,6.816913666999881,18,6.860258958000031
Moderate,1,62,12,7,30880917,3,3,OK,-330.0,0.428056999999626,0.470877417000338,0,,,sensitivity_run,True,False,False,-330.0,0.428056999999626,0,0.470877417000338
Moderate,1,62,12,8,30880918,1,3,OK,-245.0,0.8912126670002181,0.9421977909987618,1,,,baseline_checkpoint,True,False,False,-245.0,0.8912126670002181,1,0.9421977909987618
Moderate,1,62,12,8,30880918,1,4,OK,-260.0,1.0087878340000316,1.051933624999947,2,,,sensitivity_run,True,False,False,-260.0,1.0087878340000316,2,1.051933624999947
Moderate,1,62,12,8,30880918,1,5,OK,-275.0,0.5468782080001802,0.5914678330000243,0,,,sensitivity_run,True,False,False,-275.0,0.5468782080001802,0,0.5914678330000243
Moderate,1,62,12,8,30880918,2,3,OK,-295.0,0.6975236250000307,0.7415161250000892,2,,,sensitivity_run,True,False,False,-295.0,0.6975236250000307,2,0.7415161250000892
Moderate,1,62,12,8,30880918,3,3,OK,-345.0,1.3577891659997476,1.4429677080001966,3,,,sensitivity_run,True,False,False,-345.0,1.3577891659997476,3,1.4429677080001966
Moderate,1,62,12,9,30880919,1,3,OK,-175.0,0.8647244169987971,0.9150938329985364,0,,,baseline_checkpoint,True,False,False,-175.0,0.8647244169987971,0,0.9150938329985364
Moderate,1,62,12,9,30880919,1,4,OK,-190.0,0.936857333000262,0.9798083330001646,1,,,sensitivity_run,True,False,False,-190.0,0.936857333000262,1,0.9798083330001646
Moderate,1,62,12,9,30880919,1,5,OK,-205.0,0.2710186669996801,0.3142112909999923,0,,,sensitivity_run,True,False,False,-205.0,0.2710186669996801,0,0.3142112909999923
Moderate,1,62,12,9,30880919,2,3,OK,-210.0,0.8619187079998483,0.9055648329999711,1,,,sensitivity_run,True,False,False,-210.0,0.8619187079998483,1,0.9055648329999711
Moderate,1,62,12,9,30880919,3,3,OK,-260.0,0.1751792919999388,0.2191572080000696,0,,,sensitivity_run,True,False,False,-260.0,0.1751792919999388,0,0.2191572080000696
Moderate,1,62,12,10,30880920,1,3,OK,-215.0,0.9057195409986888,0.9566965420017368,0,,,baseline_checkpoint,True,False,False,-215.0,0.9057195409986888,0,0.9566965420017368
Moderate,1,62,12,10,30880920,1,4,OK,-245.0,0.4141019159997086,0.4808778329997949,0,,,sensitivity_run,True,False,False,-245.0,0.4141019159997086,0,0.4808778329997949
Moderate,1,62,12,10,30880920,1,5,OK,-245.0,0.4063551249996635,0.4496595000000525,0,,,sensitivity_run,True,False,False,-245.0,0.4063551249996635,0,0.4496595000000525
Moderate,1,62,12,10,30880920,2,3,OK,-265.0,6.175113583999973,6.2184708340000725,11,,,sensitivity_run,True,False,False,-265.0,6.175113583999973,11,6.2184708340000725
Moderate,1,62,12,10,30880920,3,3,OK,-315.0,0.5799937500000851,0.624511375000111,0,,,sensitivity_run,True,False,False,-315.0,0.5799937500000851,0,0.624511375000111
Moderate,1,62,12,11,30880921,1,3,OK,-230.0,2.071413333000237,2.1221951660008926,2,,,baseline_checkpoint,True,False,False,-230.0,2.071413333000237,2,2.1221951660008926
Moderate,1,62,12,11,30880921,1,4,OK,-245.0,0.2850879580000764,0.3635783329996229,0,,,sensitivity_run,True,False,False,-245.0,0.2850879580000764,0,0.3635783329996229
Moderate,1,62,12,11,30880921,1,5,OK,-245.0,1.1762301250000746,1.2200394169999529,1,,,sensitivity_run,True,False,False,-245.0,1.1762301250000746,1,1.2200394169999529
Moderate,1,62,12,11,30880921,2,3,OK,-280.0,0.4759366660000523,0.5205854999999247,0,,,sensitivity_run,True,False,False,-280.0,0.4759366660000523,0,0.5205854999999247
Moderate,1,62,12,11,30880921,3,3,OK,-330.0,0.974366708999696,1.0186316250001255,1,,,sensitivity_run,True,False,False,-330.0,0.974366708999696,1,1.0186316250001255
Moderate,1,62,12,12,30880922,1,3,OK,-190.0,0.5038067919995228,0.5544005409974488,0,,,baseline_checkpoint,True,False,False,-190.0,0.5038067919995228,0,0.5544005409974488
Moderate,1,62,12,12,30880922,1,4,OK,-190.0,1.1942471249999471,1.2371978330002094,2,,,sensitivity_run,True,False,False,-190.0,1.1942471249999471,2,1.2371978330002094
Moderate,1,62,12,12,30880922,1,5,OK,-190.0,0.2471904579997499,0.2902189999999791,0,,,sensitivity_run,True,False,False,-190.0,0.2471904579997499,0,0.2902189999999791
Moderate,1,62,12,12,30880922,2,3,OK,-240.0,0.2945456670004205,0.3394607919999544,0,,,sensitivity_run,True,False,False,-240.0,0.2945456670004205,0,0.3394607919999544
Moderate,1,62,12,12,30880922,3,3,OK,-290.0,0.5864328329998898,0.6316400420000718,1,,,sensitivity_run,True,False,False,-290.0,0.5864328329998898,1,0.6316400420000718
Moderate,1,62,12,13,30880923,1,3,OK,-200.0,0.1815449999994598,0.2319535419992462,0,,,baseline_checkpoint,True,False,False,-200.0,0.1815449999994598,0,0.2319535419992462
Moderate,1,62,12,13,30880923,1,4,OK,-200.0,0.5100043749998804,0.5532916250003836,1,,,sensitivity_run,True,False,False,-200.0,0.5100043749998804,1,0.5532916250003836
Moderate,1,62,12,13,30880923,1,5,OK,-200.0,0.8563235000001441,0.8996632090002095,2,,,sensitivity_run,True,False,False,-200.0,0.8563235000001441,2,0.8996632090002095
Moderate,1,62,12,13,30880923,2,3,OK,-250.0,4.128194291,4.173185834000378,12,,,sensitivity_run,True,False,False,-250.0,4.128194291,12,4.173185834000378
Moderate,1,62,12,13,30880923,3,3,OK,-285.0,0.6168673749998561,0.6611090419996799,0,,,sensitivity_run,True,False,False,-285.0,0.6168673749998561,0,0.6611090419996799
Moderate,1,62,12,14,30880924,1,3,OK,-185.0,0.8872659999979078,0.9380874579983356,0,,,baseline_checkpoint,True,False,False,-185.0,0.8872659999979078,0,0.9380874579983356
Moderate,1,62,12,14,30880924,1,4,OK,-215.0,0.4232808749998185,0.4969814169999154,0,,,sensitivity_run,True,False,False,-215.0,0.4232808749998185,0,0.4969814169999154
Moderate,1,62,12,14,30880924,1,5,OK,-215.0,0.910369707999962,0.9534724999998616,1,,,sensitivity_run,True,False,False,-215.0,0.910369707999962,1,0.9534724999998616
Moderate,1,62,12,14,30880924,2,3,OK,-250.0,7.157058958000107,7.202975500000321,10,,,sensitivity_run,True,False,False,-250.0,7.157058958000107,10,7.202975500000321
Moderate,1,62,12,14,30880924,3,3,OK,-300.0,9.860211832999994,9.90441141600013,16,,,sensitivity_run,True,False,False,-300.0,9.860211832999994,16,9.90441141600013
Moderate,1,62,12,15,30880925,1,3,OK,-215.0,0.2739441669982625,0.3234085000003688,0,,,baseline_checkpoint,True,False,False,-215.0,0.2739441669982625,0,0.3234085000003688
Moderate,1,62,12,15,30880925,1,4,OK,-215.0,0.277372208000088,0.3213312500001848,0,,,sensitivity_run,True,False,False,-215.0,0.277372208000088,0,0.3213312500001848
Moderate,1,62,12,15,30880925,1,5,OK,-215.0,0.2886842500001876,0.3321250409999265,0,,,sensitivity_run,True,False,False,-215.0,0.2886842500001876,0,0.3321250409999265
Moderate,1,62,12,15,30880925,2,3,OK,-250.0,0.4127474169999914,0.4565271659998871,0,,,sensitivity_run,True,False,False,-250.0,0.4127474169999914,0,0.4565271659998871
Moderate,1,62,12,15,30880925,3,3,OK,-300.0,0.5668053330000475,0.6102740000001177,1,,,sensitivity_run,True,False,False,-300.0,0.5668053330000475,1,0.6102740000001177
Moderate,1,62,12,16,30880926,1,3,OK,-215.0,1.332675958001346,1.3835214170030667,1,,,baseline_checkpoint,True,False,False,-215.0,1.332675958001346,1,1.3835214170030667
Moderate,1,62,12,16,30880926,1,4,OK,-215.0,0.6505723330001274,0.7082027080000444,0,,,sensitivity_run,True,False,False,-215.0,0.6505723330001274,0,0.7082027080000444
Moderate,1,62,12,16,30880926,1,5,OK,-215.0,1.9313413750001016,1.9755746249998083,3,,,sensitivity_run,True,False,False,-215.0,1.9313413750001016,3,1.9755746249998083
Moderate,1,62,12,16,30880926,2,3,OK,-265.0,0.6772342079998452,0.7211975410000377,1,,,sensitivity_run,True,False,False,-265.0,0.6772342079998452,1,0.7211975410000377
Moderate,1,62,12,16,30880926,3,3,OK,-315.0,0.9803700409997872,1.024340250000023,3,,,sensitivity_run,True,False,False,-315.0,0.9803700409997872,3,1.024340250000023
Moderate,1,62,12,17,30880927,1,3,OK,-230.0,5.316723708998325,5.36729162499978,15,,,baseline_checkpoint,True,False,False,-230.0,5.316723708998325,15,5.36729162499978
Moderate,1,62,12,17,30880927,1,4,OK,-230.0,3.2301016659998822,3.273709958000381,11,,,sensitivity_run,True,False,False,-230.0,3.2301016659998822,11,3.273709958000381
Moderate,1,62,12,17,30880927,1,5,OK,-230.0,2.0432302909998725,2.0860441249997166,5,,,sensitivity_run,True,False,False,-230.0,2.0432302909998725,5,2.0860441249997166
Moderate,1,62,12,17,30880927,2,3,OK,-280.0,4.952290166999774,4.996370207999917,11,,,sensitivity_run,True,False,False,-280.0,4.952290166999774,11,4.996370207999917
Moderate,1,62,12,17,30880927,3,3,OK,-315.0,0.963172165999822,1.0058860409999395,2,,,sensitivity_run,True,False,False,-315.0,0.963172165999822,2,1.0058860409999395
Moderate,1,62,12,18,30880928,1,3,OK,-215.0,0.2338092499994672,0.2846363749995362,0,,,baseline_checkpoint,True,False,False,-215.0,0.2338092499994672,0,0.2846363749995362
Moderate,1,62,12,18,30880928,1,4,OK,-215.0,0.7961840829998437,0.839547790999859,0,,,sensitivity_run,True,False,False,-215.0,0.7961840829998437,0,0.839547790999859
Moderate,1,62,12,18,30880928,1,5,OK,-215.0,0.5466270000001714,0.5907680000000255,0,,,sensitivity_run,True,False,False,-215.0,0.5466270000001714,0,0.5907680000000255
Moderate,1,62,12,18,30880928,2,3,OK,-265.0,0.229459291999774,0.2725530000002436,0,,,sensitivity_run,True,False,False,-265.0,0.229459291999774,0,0.2725530000002436
Moderate,1,62,12,18,30880928,3,3,OK,-300.0,0.4260674580000341,0.4694262500001969,1,,,sensitivity_run,True,False,False,-300.0,0.4260674580000341,1,0.4694262500001969
Moderate,1,62,12,19,30880929,1,3,OK,-145.0,2.270124124999711,2.320781792001071,5,,,baseline_checkpoint,True,False,False,-145.0,2.270124124999711,5,2.320781792001071
Moderate,1,62,12,19,30880929,1,4,OK,-160.0,0.2722965419998218,0.3262912909999613,0,,,sensitivity_run,True,False,False,-160.0,0.2722965419998218,0,0.3262912909999613
Moderate,1,62,12,19,30880929,1,5,OK,-160.0,0.2741339580002204,0.318115250000119,0,,,sensitivity_run,True,False,False,-160.0,0.2741339580002204,0,0.318115250000119
Moderate,1,62,12,19,30880929,2,3,OK,-220.0,0.2401200829999652,0.2835771669997484,0,,,sensitivity_run,True,False,False,-220.0,0.2401200829999652,0,0.2835771669997484
Moderate,1,62,12,19,30880929,3,3,OK,-270.0,1.570166834000247,1.613599417000387,2,,,sensitivity_run,True,False,False,-270.0,1.570166834000247,2,1.613599417000387
Moderate,1,62,12,20,30880930,1,3,OK,-175.0,0.9052195419972122,0.955571541999234,1,,,baseline_checkpoint,True,False,False,-175.0,0.9052195419972122,1,0.955571541999234
Moderate,1,62,12,20,30880930,1,4,OK,-175.0,2.227823624999928,2.271307292000074,3,,,sensitivity_run,True,False,False,-175.0,2.227823624999928,3,2.271307292000074
Moderate,1,62,12,20,30880930,1,5,OK,-175.0,3.219313125000099,3.2622977920000267,5,,,sensitivity_run,True,False,False,-175.0,3.219313125000099,5,3.2622977920000267
Moderate,1,62,12,20,30880930,2,3,OK,-250.0,2.31616750000012,2.3594428750002407,4,,,sensitivity_run,True,False,False,-250.0,2.31616750000012,4,2.3594428750002407
Moderate,1,62,12,20,30880930,3,3,OK,-300.0,0.2311647090000406,0.2744187499997679,0,,,sensitivity_run,True,False,False,-300.0,0.2311647090000406,0,0.2744187499997679
Moderate,1,62,12,21,30880931,1,3,OK,-215.0,0.6736335829991731,0.7237662500010629,2,,,baseline_checkpoint,True,False,False,-215.0,0.6736335829991731,2,0.7237662500010629
Moderate,1,62,12,21,30880931,1,4,OK,-215.0,2.1933844580003097,2.236644582999816,3,,,sensitivity_run,True,False,False,-215.0,2.1933844580003097,3,2.236644582999816
Moderate,1,62,12,21,30880931,1,5,OK,-215.0,5.397391999999854,5.440719250000257,10,,,sensitivity_run,True,False,False,-215.0,5.397391999999854,10,5.440719250000257
Moderate,1,62,12,21,30880931,2,3,OK,-265.0,3.29732150000018,3.3406440419998944,7,,,sensitivity_run,True,False,False,-265.0,3.29732150000018,7,3.3406440419998944
Moderate,1,62,12,21,30880931,3,3,OK,-315.0,0.921698916999958,0.9650740830002178,2,,,sensitivity_run,True,False,False,-315.0,0.921698916999958,2,0.9650740830002178
Moderate,1,62,12,22,30880932,1,3,OK,-200.0,1.26725445899865,1.3177484169973468,1,,,baseline_checkpoint,True,False,False,-200.0,1.26725445899865,1,1.3177484169973468
Moderate,1,62,12,22,30880932,1,4,OK,-215.0,0.8032035830001405,0.8464960000001156,0,,,sensitivity_run,True,False,False,-215.0,0.8032035830001405,0,0.8464960000001156
Moderate,1,62,12,22,30880932,1,5,OK,-215.0,0.4592554999999265,0.5033902920004039,0,,,sensitivity_run,True,False,False,-215.0,0.4592554999999265,0,0.5033902920004039
Moderate,1,62,12,22,30880932,2,3,OK,-265.0,0.1823374169998715,0.2259066249998795,0,,,sensitivity_run,True,False,False,-265.0,0.1823374169998715,0,0.2259066249998795
Moderate,1,62,12,22,30880932,3,3,OK,-300.0,0.5033011249997799,0.5473535000000993,0,,,sensitivity_run,True,False,False,-300.0,0.5033011249997799,0,0.5473535000000993
Moderate,1,62,12,23,30880933,1,3,OK,-230.0,1.3977006249988335,1.4480337080021854,4,,,baseline_checkpoint,True,False,False,-230.0,1.3977006249988335,4,1.4480337080021854
Moderate,1,62,12,23,30880933,1,4,OK,-230.0,0.2988949999999022,0.3430979170002501,0,,,sensitivity_run,True,False,False,-230.0,0.2988949999999022,0,0.3430979170002501
Moderate,1,62,12,23,30880933,1,5,OK,-230.0,0.2538250829998105,0.2971516669999801,0,,,sensitivity_run,True,False,False,-230.0,0.2538250829998105,0,0.2971516669999801
Moderate,1,62,12,23,30880933,2,3,OK,-280.0,0.642257540999708,0.6875017500001377,1,,,sensitivity_run,True,False,False,-280.0,0.642257540999708,1,0.6875017500001377
Moderate,1,62,12,23,30880933,3,3,OK,-330.0,0.3898766659999637,0.4357532079998236,1,,,sensitivity_run,True,False,False,-330.0,0.3898766659999637,1,0.4357532079998236
Moderate,1,62,12,24,30880934,1,3,OK,-230.0,0.5767646670028626,0.6392413749999832,0,,,baseline_checkpoint,True,False,False,-230.0,0.5767646670028626,0,0.6392413749999832
Moderate,1,62,12,24,30880934,1,4,OK,-230.0,0.9881807910001044,1.0344625000002452,0,,,sensitivity_run,True,False,False,-230.0,0.9881807910001044,0,1.0344625000002452
Moderate,1,62,12,24,30880934,1,5,OK,-230.0,1.6776169169997956,1.721678833000169,2,,,sensitivity_run,True,False,False,-230.0,1.6776169169997956,2,1.721678833000169
Moderate,1,62,12,24,30880934,2,3,OK,-280.0,1.1170005829999354,1.160533624999971,3,,,sensitivity_run,True,False,False,-280.0,1.1170005829999354,3,1.160533624999971
Moderate,1,62,12,24,30880934,3,3,OK,-330.0,0.524049209000168,0.5690137910000885,1,,,sensitivity_run,True,False,False,-330.0,0.524049209000168,1,0.5690137910000885
Moderate,1,62,12,25,30880935,1,3,OK,-215.0,1.0597814169996127,1.110619709001185,3,,,baseline_checkpoint,True,False,False,-215.0,1.0597814169996127,3,1.110619709001185
Moderate,1,62,12,25,30880935,1,4,OK,-215.0,2.2243384170001264,2.2684470829999555,5,,,sensitivity_run,True,False,False,-215.0,2.2243384170001264,5,2.2684470829999555
Moderate,1,62,12,25,30880935,1,5,OK,-215.0,1.0971955830000295,1.1602109170003132,3,,,sensitivity_run,True,False,False,-215.0,1.0971955830000295,3,1.1602109170003132
Moderate,1,62,12,25,30880935,2,3,OK,-265.0,0.7474274579999474,0.7922368340000503,2,,,sensitivity_run,True,False,False,-265.0,0.7474274579999474,2,0.7922368340000503
Moderate,1,62,12,25,30880935,3,3,OK,-315.0,0.8031291659999624,0.8488332500000979,1,,,sensitivity_run,True,False,False,-315.0,0.8031291659999624,1,0.8488332500000979
Moderate,1,62,12,26,30880936,1,3,OK,-215.0,2.358483292002348,2.40955454199866,4,,,baseline_checkpoint,True,False,False,-215.0,2.358483292002348,4,2.40955454199866
Moderate,1,62,12,26,30880936,1,4,OK,-215.0,1.3966063749999194,1.4414189590002024,2,,,sensitivity_run,True,False,False,-215.0,1.3966063749999194,2,1.4414189590002024
Moderate,1,62,12,26,30880936,1,5,OK,-215.0,1.3387548330001664,1.3838480839999647,2,,,sensitivity_run,True,False,False,-215.0,1.3387548330001664,2,1.3838480839999647
Moderate,1,62,12,26,30880936,2,3,OK,-265.0,2.251247749999948,2.295188916999905,6,,,sensitivity_run,True,False,False,-265.0,2.251247749999948,6,2.295188916999905
Moderate,1,62,12,26,30880936,3,3,OK,-315.0,1.4159175419999883,1.461355000000367,3,,,sensitivity_run,True,False,False,-315.0,1.4159175419999883,3,1.461355000000367
Moderate,1,62,12,27,30880937,1,3,OK,-230.0,0.8479018749967508,0.8991348339986871,1,,,baseline_checkpoint,True,False,False,-230.0,0.8479018749967508,1,0.8991348339986871
Moderate,1,62,12,27,30880937,1,4,OK,-230.0,0.4829904169996553,0.5270863330001703,0,,,sensitivity_run,True,False,False,-230.0,0.4829904169996553,0,0.5270863330001703
Moderate,1,62,12,27,30880937,1,5,OK,-230.0,0.5818962910002483,0.6258647499998915,0,,,sensitivity_run,True,False,False,-230.0,0.5818962910002483,0,0.6258647499998915
Moderate,1,62,12,27,30880937,2,3,OK,-280.0,0.3688810829999056,0.4125737499998649,0,,,sensitivity_run,True,False,False,-280.0,0.3688810829999056,0,0.4125737499998649
Moderate,1,62,12,27,30880937,3,3,OK,-330.0,0.2823090829997454,0.3278541670001687,0,,,sensitivity_run,True,False,False,-330.0,0.2823090829997454,0,0.3278541670001687
Moderate,1,62,12,28,30880938,1,3,OK,-160.0,7.458303250001336,7.50916904100086,11,,,baseline_checkpoint,True,False,False,-160.0,7.458303250001336,11,7.50916904100086
Moderate,1,62,12,28,30880938,1,4,OK,-160.0,12.999428999999964,13.043623042000036,17,,,sensitivity_run,True,False,False,-160.0,12.999428999999964,17,13.043623042000036
Moderate,1,62,12,28,30880938,1,5,OK,-160.0,10.586641291999968,10.631574624999756,15,,,sensitivity_run,True,False,False,-160.0,10.586641291999968,15,10.631574624999756
Moderate,1,62,12,28,30880938,2,3,OK,-235.0,1.1860969589997694,1.23262720799994,2,,,sensitivity_run,True,False,False,-235.0,1.1860969589997694,2,1.23262720799994
Moderate,1,62,12,28,30880938,3,3,OK,-285.0,2.8747259159999885,2.919417292000162,8,,,sensitivity_run,True,False,False,-285.0,2.8747259159999885,8,2.919417292000162
Moderate,1,62,12,29,30880939,1,3,OK,-215.0,1.1276987499986717,1.17854137500035,1,,,baseline_checkpoint,True,False,False,-215.0,1.1276987499986717,1,1.17854137500035
Moderate,1,62,12,29,30880939,1,4,OK,-215.0,2.3086305830001947,2.3538170420001734,2,,,sensitivity_run,True,False,False,-215.0,2.3086305830001947,2,2.3538170420001734
Moderate,1,62,12,29,30880939,1,5,OK,-245.0,1.0639090829999986,1.1079891660001522,1,,,sensitivity_run,True,False,False,-245.0,1.0639090829999986,1,1.1079891660001522
Moderate,1,62,12,29,30880939,2,3,OK,-265.0,1.2329570830002012,1.2772301250001874,1,,,sensitivity_run,True,False,False,-265.0,1.2329570830002012,1,1.2772301250001874
Moderate,1,62,12,29,30880939,3,3,OK,-315.0,1.1273186660000647,1.1733906670001488,1,,,sensitivity_run,True,False,False,-315.0,1.1273186660000647,1,1.1733906670001488
Moderate,1,62,12,30,30880940,1,3,OK,-215.0,0.7885015409992775,0.8392662080004811,1,,,baseline_checkpoint,True,False,False,-215.0,0.7885015409992775,1,0.8392662080004811
Moderate,1,62,12,30,30880940,1,4,OK,-215.0,2.372346207999726,2.4172679169996627,4,,,sensitivity_run,True,False,False,-215.0,2.372346207999726,4,2.4172679169996627
Moderate,1,62,12,30,30880940,1,5,OK,-215.0,2.78745866700001,2.83195595899997,6,,,sensitivity_run,True,False,False,-215.0,2.78745866700001,6,2.83195595899997
Moderate,1,62,12,30,30880940,2,3,OK,-265.0,0.3979431660000045,0.4424233339996135,1,,,sensitivity_run,True,False,False,-265.0,0.3979431660000045,1,0.4424233339996135
Moderate,1,62,12,30,30880940,3,3,OK,-315.0,0.5570690829999876,0.6016890830001103,2,,,sensitivity_run,True,False,False,-315.0,0.5570690829999876,2,0.6016890830001103
Moderate,1,62,12,31,30880941,1,3,OK,-175.0,1.882623124998645,1.9340904579985363,2,,,baseline_checkpoint,True,False,False,-175.0,1.882623124998645,2,1.9340904579985363
Moderate,1,62,12,31,30880941,1,4,OK,-190.0,5.583280916999684,5.627639999999701,9,,,sensitivity_run,True,False,False,-190.0,5.583280916999684,9,5.627639999999701
Moderate,1,62,12,31,30880941,1,5,OK,-205.0,4.875263583000105,4.9193073330002335,8,,,sensitivity_run,True,False,False,-205.0,4.875263583000105,8,4.9193073330002335
Moderate,1,62,12,31,30880941,2,3,OK,-175.0,2.01886712500027,2.063706832999742,2,,,sensitivity_run,True,False,False,-175.0,2.01886712500027,2,2.063706832999742
Moderate,1,62,12,31,30880941,3,3,OK,-175.0,1.9551613329999784,2.013981624999815,2,,,sensitivity_run,True,False,False,-175.0,1.9551613329999784,2,2.013981624999815
Moderate,1,62,12,32,30880942,1,3,OK,-200.0,7.826495833000081,7.877567875002569,14,,,baseline_checkpoint,True,False,False,-200.0,7.826495833000081,14,7.877567875002569
Moderate,1,62,12,32,30880942,1,4,OK,-200.0,9.830810957999802,9.875194374999865,17,,,sensitivity_run,True,False,False,-200.0,9.830810957999802,17,9.875194374999865
Moderate,1,62,12,32,30880942,1,5,OK,-200.0,14.72106258299982,14.765132500000163,23,,,sensitivity_run,True,False,False,-200.0,14.72106258299982,23,14.765132500000163
Moderate,1,62,12,32,30880942,2,3,OK,-250.0,4.001758833000167,4.04562795899983,9,,,sensitivity_run,True,False,False,-250.0,4.001758833000167,9,4.04562795899983
Moderate,1,62,12,32,30880942,3,3,OK,-300.0,3.283689500000037,3.328903542000262,10,,,sensitivity_run,True,False,False,-300.0,3.283689500000037,10,3.328903542000262
Moderate,1,62,12,33,30880943,1,3,OK,-200.0,4.263926208001067,4.31420079199961,4,,,baseline_checkpoint,True,False,False,-200.0,4.263926208001067,4,4.31420079199961
Moderate,1,62,12,33,30880943,1,4,OK,-200.0,2.2725643750000017,2.3166025000000445,3,,,sensitivity_run,True,False,False,-200.0,2.2725643750000017,3,2.3166025000000445
Moderate,1,62,12,33,30880943,1,5,OK,-215.0,0.7308503330000349,0.7755884160001187,1,,,sensitivity_run,True,False,False,-215.0,0.7308503330000349,1,0.7755884160001187
Moderate,1,62,12,33,30880943,2,3,OK,-250.0,0.4570147920003364,0.5318367089998901,0,,,sensitivity_run,True,False,False,-250.0,0.4570147920003364,0,0.5318367089998901
Moderate,1,62,12,33,30880943,3,3,OK,-300.0,0.8507437919997756,0.9067340410001634,2,,,sensitivity_run,True,False,False,-300.0,0.8507437919997756,2,0.9067340410001634
Moderate,1,62,12,34,30880944,1,3,OK,-200.0,0.2412323339995055,0.2920806250003807,0,,,baseline_checkpoint,True,False,False,-200.0,0.2412323339995055,0,0.2920806250003807
Moderate,1,62,12,34,30880944,1,4,OK,-200.0,0.386808917000053,0.4309502080000129,0,,,sensitivity_run,True,False,False,-200.0,0.386808917000053,0,0.4309502080000129
Moderate,1,62,12,34,30880944,1,5,OK,-200.0,0.4053680000001805,0.4500957919999564,0,,,sensitivity_run,True,False,False,-200.0,0.4053680000001805,0,0.4500957919999564
Moderate,1,62,12,34,30880944,2,3,OK,-250.0,0.2645572919996084,0.3082852079996883,0,,,sensitivity_run,True,False,False,-250.0,0.2645572919996084,0,0.3082852079996883
Moderate,1,62,12,34,30880944,3,3,OK,-300.0,0.1762461670000448,0.2195234590003565,0,,,sensitivity_run,True,False,False,-300.0,0.1762461670000448,0,0.2195234590003565
Moderate,1,62,12,35,30880945,1,3,OK,-230.0,0.862241750000976,0.9128022920012882,0,,,baseline_checkpoint,True,False,False,-230.0,0.862241750000976,0,0.9128022920012882
Moderate,1,62,12,35,30880945,1,4,OK,-245.0,0.6691048329998921,0.713717749999887,2,,,sensitivity_run,True,False,False,-245.0,0.6691048329998921,2,0.713717749999887
Moderate,1,62,12,35,30880945,1,5,OK,-245.0,2.098309290999623,2.1427572920001694,5,,,sensitivity_run,True,False,False,-245.0,2.098309290999623,5,2.1427572920001694
Moderate,1,62,12,35,30880945,2,3,OK,-265.0,2.177550541999608,2.222977166000419,5,,,sensitivity_run,True,False,False,-265.0,2.177550541999608,5,2.222977166000419
Moderate,1,62,12,35,30880945,3,3,OK,-315.0,0.2285923749996072,0.2739856670000336,0,,,sensitivity_run,True,False,False,-315.0,0.2285923749996072,0,0.2739856670000336
Moderate,1,62,12,36,30880946,1,3,OK,-185.0,0.6965506669985189,0.7472613749996526,0,,,baseline_checkpoint,True,False,False,-185.0,0.6965506669985189,0,0.7472613749996526
Moderate,1,62,12,36,30880946,1,4,OK,-185.0,1.330985832999886,1.4162245829998028,1,,,sensitivity_run,True,False,False,-185.0,1.330985832999886,1,1.4162245829998028
Moderate,1,62,12,36,30880946,1,5,OK,-185.0,0.6425830420002967,0.6874103330001162,0,,,sensitivity_run,True,False,False,-185.0,0.6425830420002967,0,0.6874103330001162
Moderate,1,62,12,36,30880946,2,3,OK,-235.0,0.6472118329998011,0.6912520000000768,0,,,sensitivity_run,True,False,False,-235.0,0.6472118329998011,0,0.6912520000000768
Moderate,1,62,12,36,30880946,3,3,OK,-285.0,0.5523646669998925,0.5968889169998874,1,,,sensitivity_run,True,False,False,-285.0,0.5523646669998925,1,0.5968889169998874
Moderate,1,62,12,37,30880947,1,3,OK,-215.0,0.8563811669991992,0.907400707998022,1,,,baseline_checkpoint,True,False,False,-215.0,0.8563811669991992,1,0.907400707998022
Moderate,1,62,12,37,30880947,1,4,OK,-230.0,1.2486312080000062,1.2929720409997572,2,,,sensitivity_run,True,False,False,-230.0,1.2486312080000062,2,1.2929720409997572
Moderate,1,62,12,37,30880947,1,5,OK,-230.0,0.469941290999941,0.5141234580000855,0,,,sensitivity_run,True,False,False,-230.0,0.469941290999941,0,0.5141234580000855
Moderate,1,62,12,37,30880947,2,3,OK,-265.0,2.054373166000005,2.098099166999873,5,,,sensitivity_run,True,False,False,-265.0,2.054373166000005,5,2.098099166999873
Moderate,1,62,12,37,30880947,3,3,OK,-315.0,0.7025342499996441,0.7472132910002074,2,,,sensitivity_run,True,False,False,-315.0,0.7025342499996441,2,0.7472132910002074
Moderate,1,62,12,38,30880948,1,3,OK,-215.0,0.759063707999303,0.80975854099961,1,,,baseline_checkpoint,True,False,False,-215.0,0.759063707999303,1,0.80975854099961
Moderate,1,62,12,38,30880948,1,4,OK,-215.0,0.4160046659999352,0.461037916999885,0,,,sensitivity_run,True,False,False,-215.0,0.4160046659999352,0,0.461037916999885
Moderate,1,62,12,38,30880948,1,5,OK,-215.0,0.7049659579997751,0.7491393750001407,0,,,sensitivity_run,True,False,False,-215.0,0.7049659579997751,0,0.7491393750001407
Moderate,1,62,12,38,30880948,2,3,OK,-265.0,0.9898629169997548,1.034222833000058,2,,,sensitivity_run,True,False,False,-265.0,0.9898629169997548,2,1.034222833000058
Moderate,1,62,12,38,30880948,3,3,OK,-300.0,0.5420336659999521,0.5862210420000338,2,,,sensitivity_run,True,False,False,-300.0,0.5420336659999521,2,0.5862210420000338
Moderate,1,62,12,39,30880949,1,3,OK,-230.0,1.954949333001423,2.0078288330005307,5,,,baseline_checkpoint,True,False,False,-230.0,1.954949333001423,5,2.0078288330005307
Moderate,1,62,12,39,30880949,1,4,OK,-230.0,2.061970040999768,2.105882208999901,6,,,sensitivity_run,True,False,False,-230.0,2.061970040999768,6,2.105882208999901
Moderate,1,62,12,39,30880949,1,5,OK,-230.0,0.7649907079999139,0.821821416000148,1,,,sensitivity_run,True,False,False,-230.0,0.7649907079999139,1,0.821821416000148
Moderate,1,62,12,39,30880949,2,3,OK,-280.0,0.4658323339999697,0.5096590419998392,0,,,sensitivity_run,True,False,False,-280.0,0.4658323339999697,0,0.5096590419998392
Moderate,1,62,12,39,30880949,3,3,OK,-330.0,0.4357007919998068,0.479195874999732,0,,,sensitivity_run,True,False,False,-330.0,0.4357007919998068,0,0.479195874999732
Moderate,1,62,12,40,30880950,1,3,OK,-215.0,2.886659374998999,2.936985167001694,6,,,baseline_checkpoint,True,False,False,-215.0,2.886659374998999,6,2.936985167001694
Moderate,1,62,12,40,30880950,1,4,OK,-215.0,1.1686367090001113,1.2128037500001485,1,,,sensitivity_run,True,False,False,-215.0,1.1686367090001113,1,1.2128037500001485
Moderate,1,62,12,40,30880950,1,5,OK,-215.0,0.6469757499999105,0.6922159160003503,0,,,sensitivity_run,True,False,False,-215.0,0.6469757499999105,0,0.6922159160003503
Moderate,1,62,12,40,30880950,2,3,OK,-265.0,1.9236354170002408,1.9679802089999607,3,,,sensitivity_run,True,False,False,-265.0,1.9236354170002408,3,1.9679802089999607
Moderate,1,62,12,40,30880950,3,3,OK,-315.0,1.88181749999967,1.9267317079998063,3,,,sensitivity_run,True,False,False,-315.0,1.88181749999967,3,1.9267317079998063
Moderate,1,62,12,41,30880951,1,3,OK,-215.0,1.435786417001509,1.4867277499979537,3,,,baseline_checkpoint,True,False,False,-215.0,1.435786417001509,3,1.4867277499979537
Moderate,1,62,12,41,30880951,1,4,OK,-215.0,0.3799154999996972,0.4242413330002819,0,,,sensitivity_run,True,False,False,-215.0,0.3799154999996972,0,0.4242413330002819
Moderate,1,62,12,41,30880951,1,5,OK,-215.0,0.7461258749999615,0.8159208330002912,1,,,sensitivity_run,True,False,False,-215.0,0.7461258749999615,1,0.8159208330002912
Moderate,1,62,12,41,30880951,2,3,OK,-265.0,0.1842000829997232,0.2279184999997596,0,,,sensitivity_run,True,False,False,-265.0,0.1842000829997232,0,0.2279184999997596
Moderate,1,62,12,41,30880951,3,3,OK,-315.0,0.5601653749999969,0.604440875000364,2,,,sensitivity_run,True,False,False,-315.0,0.5601653749999969,2,0.604440875000364
Moderate,1,62,12,42,30880952,1,3,OK,-215.0,1.147754208999686,1.1988582909980323,1,,,baseline_checkpoint,True,False,False,-215.0,1.147754208999686,1,1.1988582909980323
Moderate,1,62,12,42,30880952,1,4,OK,-230.0,0.9159995420000088,0.9596961669999472,0,,,sensitivity_run,True,False,False,-230.0,0.9159995420000088,0,0.9596961669999472
Moderate,1,62,12,42,30880952,1,5,OK,-245.0,1.173055290999855,1.2163769999997385,2,,,sensitivity_run,True,False,False,-245.0,1.173055290999855,2,1.2163769999997385
Moderate,1,62,12,42,30880952,2,3,OK,-280.0,0.1791002909999406,0.2233463329998812,0,,,sensitivity_run,True,False,False,-280.0,0.1791002909999406,0,0.2233463329998812
Moderate,1,62,12,42,30880952,3,3,OK,-315.0,3.5001885840001705,3.5433628750001844,5,,,sensitivity_run,True,False,False,-315.0,3.5001885840001705,5,3.5433628750001844
Moderate,1,62,12,43,30880953,1,3,OK,-160.0,5.333744125000521,5.384439542001928,7,,,baseline_checkpoint,True,False,False,-160.0,5.333744125000521,7,5.384439542001928
Moderate,1,62,12,43,30880953,1,4,OK,-160.0,4.389154250000047,4.434243582999898,5,,,sensitivity_run,True,False,False,-160.0,4.389154250000047,5,4.434243582999898
Moderate,1,62,12,43,30880953,1,5,OK,-160.0,4.385585125000034,4.43057408300001,5,,,sensitivity_run,True,False,False,-160.0,4.385585125000034,5,4.43057408300001
Moderate,1,62,12,43,30880953,2,3,OK,-220.0,1.6587362499999472,1.7144913330002964,3,,,sensitivity_run,True,False,False,-220.0,1.6587362499999472,3,1.7144913330002964
Moderate,1,62,12,43,30880953,3,3,OK,-255.0,3.26723633399979,3.312535416000173,4,,,sensitivity_run,True,False,False,-255.0,3.26723633399979,4,3.312535416000173
Moderate,1,62,12,44,30880954,1,3,OK,-190.0,0.3954156250001688,0.4476073330006329,0,,,baseline_checkpoint,True,False,False,-190.0,0.3954156250001688,0,0.4476073330006329
Moderate,1,62,12,44,30880954,1,4,OK,-190.0,0.5143850829999792,0.5586704580000514,0,,,sensitivity_run,True,False,False,-190.0,0.5143850829999792,0,0.5586704580000514
Moderate,1,62,12,44,30880954,1,5,OK,-205.0,0.4004524169999968,0.445123040999988,0,,,sensitivity_run,True,False,False,-205.0,0.4004524169999968,0,0.445123040999988
Moderate,1,62,12,44,30880954,2,3,OK,-240.0,0.2080578750001223,0.25219508400005,0,,,sensitivity_run,True,False,False,-240.0,0.2080578750001223,0,0.25219508400005
Moderate,1,62,12,44,30880954,3,3,OK,-275.0,0.590951749999931,0.6371368750001238,1,,,sensitivity_run,True,False,False,-275.0,0.590951749999931,1,0.6371368750001238
Moderate,1,62,12,45,30880955,1,3,OK,-200.0,0.6110620840008778,0.6618015830026707,0,,,baseline_checkpoint,True,False,False,-200.0,0.6110620840008778,0,0.6618015830026707
Moderate,1,62,12,45,30880955,1,4,OK,-215.0,0.8741220410001915,0.917903916999876,1,,,sensitivity_run,True,False,False,-215.0,0.8741220410001915,1,0.917903916999876
Moderate,1,62,12,45,30880955,1,5,OK,-215.0,0.736914749999869,0.7811382090003463,1,,,sensitivity_run,True,False,False,-215.0,0.736914749999869,1,0.7811382090003463
Moderate,1,62,12,45,30880955,2,3,OK,-250.0,0.9998987499998292,1.0439837919998354,1,,,sensitivity_run,True,False,False,-250.0,0.9998987499998292,1,1.0439837919998354
Moderate,1,62,12,45,30880955,3,3,OK,-300.0,2.158279583999956,2.202386832999764,4,,,sensitivity_run,True,False,False,-300.0,2.158279583999956,4,2.202386832999764
Moderate,1,62,12,46,30880956,1,3,OK,-215.0,16.05973562500003,16.111188499999116,30,,,baseline_checkpoint,True,False,False,-215.0,16.05973562500003,30,16.111188499999116
Moderate,1,62,12,46,30880956,1,4,OK,-230.0,17.604825875000188,17.65131849999989,47,,,sensitivity_run,True,False,False,-230.0,17.604825875000188,47,17.65131849999989
Moderate,1,62,12,46,30880956,1,5,OK,-230.0,22.38596416600012,22.430609125000046,50,,,sensitivity_run,True,False,False,-230.0,22.38596416600012,50,22.430609125000046
Moderate,1,62,12,46,30880956,2,3,OK,-265.0,4.583486167000046,4.642075833000035,10,,,sensitivity_run,True,False,False,-265.0,4.583486167000046,10,4.642075833000035
Moderate,1,62,12,46,30880956,3,3,OK,-300.0,0.502856999999949,0.547542458999942,0,,,sensitivity_run,True,False,False,-300.0,0.502856999999949,0,0.547542458999942
Moderate,1,62,12,47,30880957,1,3,OK,-215.0,1.3712265829999524,1.4223033339985705,2,,,baseline_checkpoint,True,False,False,-215.0,1.3712265829999524,2,1.4223033339985705
Moderate,1,62,12,47,30880957,1,4,OK,-230.0,0.3080356250002296,0.3527386669998122,0,,,sensitivity_run,True,False,False,-230.0,0.3080356250002296,0,0.3527386669998122
Moderate,1,62,12,47,30880957,1,5,OK,-245.0,0.4877665419999175,0.5313532920004036,0,,,sensitivity_run,True,False,False,-245.0,0.4877665419999175,0,0.5313532920004036
Moderate,1,62,12,47,30880957,2,3,OK,-265.0,0.7484653340002296,0.7926346250001188,1,,,sensitivity_run,True,False,False,-265.0,0.7484653340002296,1,0.7926346250001188
Moderate,1,62,12,47,30880957,3,3,OK,-315.0,0.5721056249999492,0.6355741249999483,0,,,sensitivity_run,True,False,False,-315.0,0.5721056249999492,0,0.6355741249999483
Moderate,1,62,12,48,30880958,1,3,OK,-200.0,1.1197220840003863,1.1700356250003097,2,,,baseline_checkpoint,True,False,False,-200.0,1.1197220840003863,2,1.1700356250003097
Moderate,1,62,12,48,30880958,1,4,OK,-200.0,1.06146091599976,1.1050332499999058,0,,,sensitivity_run,True,False,False,-200.0,1.06146091599976,0,1.1050332499999058
Moderate,1,62,12,48,30880958,1,5,OK,-230.0,2.120406957999876,2.1654750840002635,5,,,sensitivity_run,True,False,False,-230.0,2.120406957999876,5,2.1654750840002635
Moderate,1,62,12,48,30880958,2,3,OK,-250.0,12.128870333000124,12.17452541700004,20,,,sensitivity_run,True,False,False,-250.0,12.128870333000124,20,12.17452541700004
Moderate,1,62,12,48,30880958,3,3,OK,-300.0,2.072758750000048,2.1170698749997428,5,,,sensitivity_run,True,False,False,-300.0,2.072758750000048,5,2.1170698749997428
Moderate,1,62,12,49,30880959,1,3,OK,-200.0,1.482685709001089,1.5334780410012172,1,,,baseline_checkpoint,True,False,False,-200.0,1.482685709001089,1,1.5334780410012172
Moderate,1,62,12,49,30880959,1,4,OK,-200.0,1.762675957999818,1.808856083000137,1,,,sensitivity_run,True,False,False,-200.0,1.762675957999818,1,1.808856083000137
Moderate,1,62,12,49,30880959,1,5,OK,-200.0,1.8394982919999163,1.8842557499997383,2,,,sensitivity_run,True,False,False,-200.0,1.8394982919999163,2,1.8842557499997383
Moderate,1,62,12,49,30880959,2,3,OK,-265.0,0.4675545420000162,0.5120973749999393,0,,,sensitivity_run,True,False,False,-265.0,0.4675545420000162,0,0.5120973749999393
Moderate,1,62,12,49,30880959,3,3,OK,-315.0,0.4874987909997799,0.5323902919999455,0,,,sensitivity_run,True,False,False,-315.0,0.4874987909997799,0,0.5323902919999455
Moderate,1,62,12,50,30880960,1,3,OK,-230.0,2.567787165997288,2.618434916999832,5,,,baseline_checkpoint,True,False,False,-230.0,2.567787165997288,5,2.618434916999832
Moderate,1,62,12,50,30880960,1,4,OK,-245.0,0.6317101670001648,0.6762890419995529,1,,,sensitivity_run,True,False,False,-245.0,0.6317101670001648,1,0.6762890419995529
Moderate,1,62,12,50,30880960,1,5,OK,-245.0,0.6151062500002809,0.6587254999999459,1,,,sensitivity_run,True,False,False,-245.0,0.6151062500002809,1,0.6587254999999459
Moderate,1,62,12,50,30880960,2,3,OK,-280.0,1.0277100000002974,1.072132750000037,2,,,sensitivity_run,True,False,False,-280.0,1.0277100000002974,2,1.072132750000037
Moderate,1,62,12,50,30880960,3,3,OK,-330.0,0.5411864580000838,0.5982916250000017,2,,,sensitivity_run,True,False,False,-330.0,0.5411864580000838,2,0.5982916250000017
Moderate,1,62,12,51,30880961,1,3,OK,-215.0,1.2051261669985252,1.255989707999106,2,,,baseline_checkpoint,True,False,False,-215.0,1.2051261669985252,2,1.255989707999106
Moderate,1,62,12,51,30880961,1,4,OK,-215.0,1.3807021249999707,1.424574874999962,2,,,sensitivity_run,True,False,False,-215.0,1.3807021249999707,2,1.424574874999962
Moderate,1,62,12,51,30880961,1,5,OK,-215.0,3.5445376249999754,3.588890458000151,8,,,sensitivity_run,True,False,False,-215.0,3.5445376249999754,8,3.588890458000151
Moderate,1,62,12,51,30880961,2,3,OK,-265.0,0.8935867499999404,0.9376533750000816,2,,,sensitivity_run,True,False,False,-265.0,0.8935867499999404,2,0.9376533750000816
Moderate,1,62,12,51,30880961,3,3,OK,-315.0,0.780057166000006,0.8248953330003133,1,,,sensitivity_run,True,False,False,-315.0,0.780057166000006,1,0.8248953330003133
Moderate,1,62,12,52,30880962,1,3,OK,-230.0,21.75178091600173,21.802548250001564,29,,,baseline_checkpoint,True,False,False,-230.0,21.75178091600173,29,21.802548250001564
Moderate,1,62,12,52,30880962,1,4,OK,-245.0,1.412477458000012,1.458676749999995,3,,,sensitivity_run,True,False,False,-245.0,1.412477458000012,3,1.458676749999995
Moderate,1,62,12,52,30880962,1,5,OK,-245.0,0.6521209590000581,0.6998509159998321,1,,,sensitivity_run,True,False,False,-245.0,0.6521209590000581,1,0.6998509159998321
Moderate,1,62,12,52,30880962,2,3,OK,-280.0,27.51279791699972,27.556780875000182,53,,,sensitivity_run,True,False,False,-280.0,27.51279791699972,53,27.556780875000182
Moderate,1,62,12,52,30880962,3,3,OK,-330.0,9.210546166999848,9.275537833999806,20,,,sensitivity_run,True,False,False,-330.0,9.210546166999848,20,9.275537833999806
Moderate,1,62,12,53,30880963,1,3,OK,-215.0,45.817028999998,45.86823008400097,77,,,baseline_checkpoint,True,False,False,-215.0,45.817028999998,77,45.86823008400097
Moderate,1,62,12,53,30880963,1,4,OK,-230.0,22.15153908299999,22.19913341700021,55,,,sensitivity_run,True,False,False,-230.0,22.15153908299999,55,22.19913341700021
Moderate,1,62,12,53,30880963,1,5,OK,-230.0,2.613916082999822,2.6592025420000027,7,,,sensitivity_run,True,False,False,-230.0,2.613916082999822,7,2.6592025420000027
Moderate,1,62,12,53,30880963,2,3,OK,-265.0,33.37980445799985,33.42767045799974,62,,,sensitivity_run,True,False,False,-265.0,33.37980445799985,62,33.42767045799974
Moderate,1,62,12,53,30880963,3,3,OK,-315.0,8.166323375000047,8.210954708999907,21,,,sensitivity_run,True,False,False,-315.0,8.166323375000047,21,8.210954708999907
Moderate,1,62,12,54,30880964,1,3,OK,-215.0,0.3640885000022535,0.4149395000022196,0,,,baseline_checkpoint,True,False,False,-215.0,0.3640885000022535,0,0.4149395000022196
Moderate,1,62,12,54,30880964,1,4,OK,-215.0,0.8632558330000393,0.908256333999816,1,,,sensitivity_run,True,False,False,-215.0,0.8632558330000393,1,0.908256333999816
Moderate,1,62,12,54,30880964,1,5,OK,-215.0,0.3765581669999847,0.4203047920000244,0,,,sensitivity_run,True,False,False,-215.0,0.3765581669999847,0,0.4203047920000244
Moderate,1,62,12,54,30880964,2,3,OK,-265.0,0.6890860419998717,0.7332557499998984,1,,,sensitivity_run,True,False,False,-265.0,0.6890860419998717,1,0.7332557499998984
Moderate,1,62,12,54,30880964,3,3,OK,-315.0,1.5191683339999145,1.5643112500001737,3,,,sensitivity_run,True,False,False,-315.0,1.5191683339999145,3,1.5643112500001737
Moderate,1,62,12,55,30880965,1,3,OK,-200.0,1.1494792499979667,1.1990261249993637,2,,,baseline_checkpoint,True,False,False,-200.0,1.1494792499979667,2,1.1990261249993637
Moderate,1,62,12,55,30880965,1,4,OK,-200.0,0.9902963330000604,1.054012832999888,3,,,sensitivity_run,True,False,False,-200.0,0.9902963330000604,3,1.054012832999888
Moderate,1,62,12,55,30880965,1,5,OK,-200.0,0.6612932080001883,0.7057527079996362,2,,,sensitivity_run,True,False,False,-200.0,0.6612932080001883,2,0.7057527079996362
Moderate,1,62,12,55,30880965,2,3,OK,-250.0,2.738544583000021,2.7827258329998585,6,,,sensitivity_run,True,False,False,-250.0,2.738544583000021,6,2.7827258329998585
Moderate,1,62,12,55,30880965,3,3,OK,-300.0,4.010477583000011,4.054745625000123,9,,,sensitivity_run,True,False,False,-300.0,4.010477583000011,9,4.054745625000123
Moderate,1,62,12,56,30880966,1,3,OK,-215.0,0.3234839169999759,0.3733864160021767,0,,,baseline_checkpoint,True,False,False,-215.0,0.3234839169999759,0,0.3733864160021767
Moderate,1,62,12,56,30880966,1,4,OK,-215.0,0.3431765000000268,0.3863957089997711,0,,,sensitivity_run,True,False,False,-215.0,0.3431765000000268,0,0.3863957089997711
Moderate,1,62,12,56,30880966,1,5,OK,-215.0,0.337263874999735,0.3810143750001771,0,,,sensitivity_run,True,False,False,-215.0,0.337263874999735,0,0.3810143750001771
Moderate,1,62,12,56,30880966,2,3,OK,-265.0,0.8464012500003264,0.8911434999999983,2,,,sensitivity_run,True,False,False,-265.0,0.8464012500003264,2,0.8911434999999983
Moderate,1,62,12,56,30880966,3,3,OK,-315.0,0.3654565000001639,0.4099270000001525,1,,,sensitivity_run,True,False,False,-315.0,0.3654565000001639,1,0.4099270000001525
Moderate,1,62,12,57,30880967,1,3,OK,-200.0,9.843132959002103,9.892936917000045,11,,,baseline_checkpoint,True,False,False,-200.0,9.843132959002103,11,9.892936917000045
Moderate,1,62,12,57,30880967,1,4,OK,-200.0,10.284839709000153,10.328712375000125,12,,,sensitivity_run,True,False,False,-200.0,10.284839709000153,12,10.328712375000125
Moderate,1,62,12,57,30880967,1,5,OK,-200.0,18.50805479099972,18.552146957999867,19,,,sensitivity_run,True,False,False,-200.0,18.50805479099972,19,18.552146957999867
Moderate,1,62,12,57,30880967,2,3,OK,-250.0,5.73989179199998,5.784598375000314,16,,,sensitivity_run,True,False,False,-250.0,5.73989179199998,16,5.784598375000314
Moderate,1,62,12,57,30880967,3,3,OK,-300.0,4.667476416999762,4.712973749999946,11,,,sensitivity_run,True,False,False,-300.0,4.667476416999762,11,4.712973749999946
Moderate,1,62,12,58,30880968,1,3,OK,-215.0,0.8836443330001202,0.9342238329991231,0,,,baseline_checkpoint,True,False,False,-215.0,0.8836443330001202,0,0.9342238329991231
Moderate,1,62,12,58,30880968,1,4,OK,-230.0,0.5521038330002739,0.5960541249996822,0,,,sensitivity_run,True,False,False,-230.0,0.5521038330002739,0,0.5960541249996822
Moderate,1,62,12,58,30880968,1,5,OK,-230.0,1.30959383399977,1.3549074170000497,3,,,sensitivity_run,True,False,False,-230.0,1.30959383399977,3,1.3549074170000497
Moderate,1,62,12,58,30880968,2,3,OK,-265.0,0.6661518749997413,0.7113279590003003,0,,,sensitivity_run,True,False,False,-265.0,0.6661518749997413,0,0.7113279590003003
Moderate,1,62,12,58,30880968,3,3,OK,-300.0,5.189746749999813,5.235408499999721,8,,,sensitivity_run,True,False,False,-300.0,5.189746749999813,8,5.235408499999721
Moderate,1,62,12,59,30880969,1,3,OK,-230.0,1.008976207998785,1.0588542080004115,1,,,baseline_checkpoint,True,False,False,-230.0,1.008976207998785,1,1.0588542080004115
Moderate,1,62,12,59,30880969,1,4,OK,-230.0,1.9080831670003136,1.952049999999872,3,,,sensitivity_run,True,False,False,-230.0,1.9080831670003136,3,1.952049999999872
Moderate,1,62,12,59,30880969,1,5,OK,-230.0,2.431869707999794,2.4829937500003325,4,,,sensitivity_run,True,False,False,-230.0,2.431869707999794,4,2.4829937500003325
Moderate,1,62,12,59,30880969,2,3,OK,-280.0,1.7776921250001578,1.8226072909997129,5,,,sensitivity_run,True,False,False,-280.0,1.7776921250001578,5,1.8226072909997129
Moderate,1,62,12,59,30880969,3,3,OK,-330.0,0.3584318749999511,0.4033840409997538,0,,,sensitivity_run,True,False,False,-330.0,0.3584318749999511,0,0.4033840409997538
Moderate,1,62,12,60,30880970,1,3,OK,-215.0,0.3915780829993309,0.4416354579989274,0,,,baseline_checkpoint,True,False,False,-215.0,0.3915780829993309,0,0.4416354579989274
Moderate,1,62,12,60,30880970,1,4,OK,-230.0,0.8547201249998579,0.898400292000133,1,,,sensitivity_run,True,False,False,-230.0,0.8547201249998579,1,0.898400292000133
Moderate,1,62,12,60,30880970,1,5,OK,-230.0,2.775283500000114,2.834294624999984,7,,,sensitivity_run,True,False,False,-230.0,2.775283500000114,7,2.834294624999984
Moderate,1,62,12,60,30880970,2,3,OK,-265.0,0.8230299159999959,0.8678864169996814,1,,,sensitivity_run,True,False,False,-265.0,0.8230299159999959,1,0.8678864169996814
Moderate,1,62,12,60,30880970,3,3,OK,-330.0,0.1855936669999209,0.2300851250001869,0,,,sensitivity_run,True,False,False,-330.0,0.1855936669999209,0,0.2300851250001869
Moderate,1,62,12,61,30880971,1,3,OK,-215.0,1.566579250000359,1.6345945419998316,3,,,baseline_checkpoint,True,False,False,-215.0,1.566579250000359,3,1.6345945419998316
Moderate,1,62,12,61,30880971,1,4,OK,-215.0,0.5949461660002271,0.6384895000001052,1,,,sensitivity_run,True,False,False,-215.0,0.5949461660002271,1,0.6384895000001052
Moderate,1,62,12,61,30880971,1,5,OK,-215.0,0.6536447910002607,0.6969855420002204,1,,,sensitivity_run,True,False,False,-215.0,0.6536447910002607,1,0.6969855420002204
Moderate,1,62,12,61,30880971,2,3,OK,-265.0,1.2760860839998711,1.3201862079999955,4,,,sensitivity_run,True,False,False,-265.0,1.2760860839998711,4,1.3201862079999955
Moderate,1,62,12,61,30880971,3,3,OK,-315.0,0.6094468340002095,0.653382708999743,2,,,sensitivity_run,True,False,False,-315.0,0.6094468340002095,2,0.653382708999743
Moderate,1,62,12,62,30880972,1,3,OK,-200.0,156.45657754199783,156.50714462500036,197,,,baseline_checkpoint,True,False,False,-200.0,156.45657754199783,197,156.50714462500036
Moderate,1,62,12,62,30880972,1,4,OK,-215.0,107.50613525000016,107.55010062500014,135,,,sensitivity_run,True,False,False,-215.0,107.50613525000016,135,107.55010062500014
Moderate,1,62,12,62,30880972,1,5,OK,-215.0,114.09103049999976,114.13600537499951,158,,,sensitivity_run,True,False,False,-215.0,114.09103049999976,158,114.13600537499951
Moderate,1,62,12,62,30880972,2,3,OK,-250.0,1.9408423329996367,1.98513283300008,3,,,sensitivity_run,True,False,False,-250.0,1.9408423329996367,3,1.98513283300008
Moderate,1,62,12,62,30880972,3,3,OK,-260.0,2.699384167000062,2.7431097909998243,7,,,sensitivity_run,True,False,False,-260.0,2.699384167000062,7,2.7431097909998243
Moderate,1,62,12,63,30880973,1,3,OK,-230.0,0.7332056660015951,0.7853582090028794,1,,,baseline_checkpoint,True,False,False,-230.0,0.7332056660015951,1,0.7853582090028794
Moderate,1,62,12,63,30880973,1,4,OK,-230.0,0.5204576670003007,0.5644856250000885,0,,,sensitivity_run,True,False,False,-230.0,0.5204576670003007,0,0.5644856250000885
Moderate,1,62,12,63,30880973,1,5,OK,-230.0,1.7273287080006412,1.772141874999761,3,,,sensitivity_run,True,False,False,-230.0,1.7273287080006412,3,1.772141874999761
Moderate,1,62,12,63,30880973,2,3,OK,-280.0,0.711419833999571,0.7590120419999948,3,,,sensitivity_run,True,False,False,-280.0,0.711419833999571,3,0.7590120419999948
Moderate,1,62,12,63,30880973,3,3,OK,-330.0,2.84140487500008,2.903833833000135,7,,,sensitivity_run,True,False,False,-330.0,2.84140487500008,7,2.903833833000135
Moderate,1,62,12,64,30880974,1,3,OK,-190.0,0.6766129159987031,0.7270791250011825,1,,,baseline_checkpoint,True,False,False,-190.0,0.6766129159987031,1,0.7270791250011825
Moderate,1,62,12,64,30880974,1,4,OK,-190.0,1.886854000000312,1.963702500000181,2,,,sensitivity_run,True,False,False,-190.0,1.886854000000312,2,1.963702500000181
Moderate,1,62,12,64,30880974,1,5,OK,-190.0,26.454537083000105,26.498194417000377,45,,,sensitivity_run,True,False,False,-190.0,26.454537083000105,45,26.498194417000377
Moderate,1,62,12,64,30880974,2,3,OK,-250.0,1.5583374170000752,1.6054025410003303,3,,,sensitivity_run,True,False,False,-250.0,1.5583374170000752,3,1.6054025410003303
Moderate,1,62,12,64,30880974,3,3,OK,-300.0,0.9287698750003984,0.9729332500000965,2,,,sensitivity_run,True,False,False,-300.0,0.9287698750003984,2,0.9729332500000965
Moderate,1,62,12,65,30880975,1,3,OK,-200.0,0.2999818749995029,0.368535666999378,0,,,baseline_checkpoint,True,False,False,-200.0,0.2999818749995029,0,0.368535666999378
Moderate,1,62,12,65,30880975,1,4,OK,-200.0,0.3083737500001007,0.3520451249996768,0,,,sensitivity_run,True,False,False,-200.0,0.3083737500001007,0,0.3520451249996768
Moderate,1,62,12,65,30880975,1,5,OK,-200.0,0.3001614579998204,0.3433612079998056,0,,,sensitivity_run,True,False,False,-200.0,0.3001614579998204,0,0.3433612079998056
Moderate,1,62,12,65,30880975,2,3,OK,-250.0,0.4527290420001009,0.4978303340003549,0,,,sensitivity_run,True,False,False,-250.0,0.4527290420001009,0,0.4978303340003549
Moderate,1,62,12,65,30880975,3,3,OK,-300.0,0.1964898750002248,0.240293500000007,0,,,sensitivity_run,True,False,False,-300.0,0.1964898750002248,0,0.240293500000007
Moderate,1,62,12,66,30880976,1,3,OK,-200.0,4.614220082999964,4.690905000003113,9,,,baseline_checkpoint,True,False,False,-200.0,4.614220082999964,9,4.690905000003113
Moderate,1,62,12,66,30880976,1,4,OK,-200.0,4.056198375000349,4.0998340830001325,6,,,sensitivity_run,True,False,False,-200.0,4.056198375000349,6,4.0998340830001325
Moderate,1,62,12,66,30880976,1,5,OK,-200.0,2.2266549999994822,2.2704007080001247,5,,,sensitivity_run,True,False,False,-200.0,2.2266549999994822,5,2.2704007080001247
Moderate,1,62,12,66,30880976,2,3,OK,-250.0,4.6327191250002215,4.676741999999649,10,,,sensitivity_run,True,False,False,-250.0,4.6327191250002215,10,4.676741999999649
Moderate,1,62,12,66,30880976,3,3,OK,-300.0,0.1776644999999916,0.2215370419999089,0,,,sensitivity_run,True,False,False,-300.0,0.1776644999999916,0,0.2215370419999089
Moderate,1,62,12,67,30880977,1,3,OK,-230.0,0.2734469999995781,0.3240910830027133,0,,,baseline_checkpoint,True,False,False,-230.0,0.2734469999995781,0,0.3240910830027133
Moderate,1,62,12,67,30880977,1,4,OK,-230.0,0.5742588339999202,0.6184885840002607,0,,,sensitivity_run,True,False,False,-230.0,0.5742588339999202,0,0.6184885840002607
Moderate,1,62,12,67,30880977,1,5,OK,-230.0,1.3193341249998412,1.3642199999994773,2,,,sensitivity_run,True,False,False,-230.0,1.3193341249998412,2,1.3642199999994773
Moderate,1,62,12,67,30880977,2,3,OK,-280.0,0.6614915830004975,0.7068967089999205,1,,,sensitivity_run,True,False,False,-280.0,0.6614915830004975,1,0.7068967089999205
Moderate,1,62,12,67,30880977,3,3,OK,-330.0,0.4474267499999769,0.4913934999995035,0,,,sensitivity_run,True,False,False,-330.0,0.4474267499999769,0,0.4913934999995035
Moderate,1,62,12,68,30880978,1,3,OK,-215.0,0.8234583340017707,0.8749942499998724,1,,,baseline_checkpoint,True,False,False,-215.0,0.8234583340017707,1,0.8749942499998724
Moderate,1,62,12,68,30880978,1,4,OK,-215.0,1.4044748329997674,1.44856529199933,2,,,sensitivity_run,True,False,False,-215.0,1.4044748329997674,2,1.44856529199933
Moderate,1,62,12,68,30880978,1,5,OK,-215.0,0.8376942920003785,0.8813793330000408,1,,,sensitivity_run,True,False,False,-215.0,0.8376942920003785,1,0.8813793330000408
Moderate,1,62,12,68,30880978,2,3,OK,-265.0,0.2763624590006657,0.3211191249993135,0,,,sensitivity_run,True,False,False,-265.0,0.2763624590006657,0,0.3211191249993135
Moderate,1,62,12,68,30880978,3,3,OK,-315.0,0.6763438330008285,0.720148958000209,2,,,sensitivity_run,True,False,False,-315.0,0.6763438330008285,2,0.720148958000209
Moderate,1,62,12,69,30880979,1,3,OK,-215.0,1.1158163330001116,1.1673572500003502,1,,,baseline_checkpoint,True,False,False,-215.0,1.1158163330001116,1,1.1673572500003502
Moderate,1,62,12,69,30880979,1,4,OK,-215.0,5.943443000000116,5.987731500000336,10,,,sensitivity_run,True,False,False,-215.0,5.943443000000116,10,5.987731500000336
Moderate,1,62,12,69,30880979,1,5,OK,-215.0,0.93894575000013,0.9835106669997912,0,,,sensitivity_run,True,False,False,-215.0,0.93894575000013,0,0.9835106669997912
Moderate,1,62,12,69,30880979,2,3,OK,-265.0,0.4793934159997661,0.5234095000005254,2,,,sensitivity_run,True,False,False,-265.0,0.4793934159997661,2,0.5234095000005254
Moderate,1,62,12,69,30880979,3,3,OK,-300.0,0.5043602499999906,0.5490137920005509,1,,,sensitivity_run,True,False,False,-300.0,0.5043602499999906,1,0.5490137920005509
Moderate,1,62,12,70,30880980,1,3,OK,-215.0,25.91388820800057,25.96409841700006,43,,,baseline_checkpoint,True,False,False,-215.0,25.91388820800057,43,25.96409841700006
Moderate,1,62,12,70,30880980,1,4,OK,-215.0,22.527385749999667,22.57286308300081,43,,,sensitivity_run,True,False,False,-215.0,22.527385749999667,43,22.57286308300081
Moderate,1,62,12,70,30880980,1,5,OK,-215.0,24.165457167000568,24.2120492920003,41,,,sensitivity_run,True,False,False,-215.0,24.165457167000568,41,24.2120492920003
Moderate,1,62,12,70,30880980,2,3,OK,-265.0,45.26023416699991,45.30489041700002,75,,,sensitivity_run,True,False,False,-265.0,45.26023416699991,75,45.30489041700002
Moderate,1,62,12,70,30880980,3,3,OK,-315.0,31.14198966599997,31.187077874999886,53,,,sensitivity_run,True,False,False,-315.0,31.14198966599997,53,31.187077874999886
Moderate,1,62,12,71,30880981,1,3,OK,-215.0,0.2767449999992095,0.3283875000015541,0,,,baseline_checkpoint,True,False,False,-215.0,0.2767449999992095,0,0.3283875000015541
Moderate,1,62,12,71,30880981,1,4,OK,-215.0,0.2813349170000947,0.3556474580000213,0,,,sensitivity_run,True,False,False,-215.0,0.2813349170000947,0,0.3556474580000213
Moderate,1,62,12,71,30880981,1,5,OK,-215.0,0.5918592079997325,0.6355391249999229,1,,,sensitivity_run,True,False,False,-215.0,0.5918592079997325,1,0.6355391249999229
Moderate,1,62,12,71,30880981,2,3,OK,-265.0,0.2452424579996659,0.2896262919994115,0,,,sensitivity_run,True,False,False,-265.0,0.2452424579996659,0,0.2896262919994115
Moderate,1,62,12,71,30880981,3,3,OK,-300.0,4.562423041999864,4.605628166000315,7,,,sensitivity_run,True,False,False,-300.0,4.562423041999864,7,4.605628166000315
Moderate,1,62,12,72,30880982,1,3,OK,-160.0,2.985034417000861,3.0357909580015985,4,,,baseline_checkpoint,True,False,False,-160.0,2.985034417000861,4,3.0357909580015985
Moderate,1,62,12,72,30880982,1,4,OK,-175.0,6.76347183300004,6.808471416999964,8,,,sensitivity_run,True,False,False,-175.0,6.76347183300004,8,6.808471416999964
Moderate,1,62,12,72,30880982,1,5,OK,-175.0,3.404817790999914,3.4494839589997355,4,,,sensitivity_run,True,False,False,-175.0,3.404817790999914,4,3.4494839589997355
Moderate,1,62,12,72,30880982,2,3,OK,-250.0,1.9285217910000936,1.9729017079998807,3,,,sensitivity_run,True,False,False,-250.0,1.9285217910000936,3,1.9729017079998807
Moderate,1,62,12,72,30880982,3,3,OK,-300.0,0.6103289580005367,0.6548652500005119,0,,,sensitivity_run,True,False,False,-300.0,0.6103289580005367,0,0.6548652500005119
Moderate,1,62,12,73,30880983,1,3,OK,-200.0,1.2184310410011676,1.2688035840001248,1,,,baseline_checkpoint,True,False,False,-200.0,1.2184310410011676,1,1.2688035840001248
Moderate,1,62,12,73,30880983,1,4,OK,-200.0,1.9058210419998431,1.950177290999818,1,,,sensitivity_run,True,False,False,-200.0,1.9058210419998431,1,1.950177290999818
Moderate,1,62,12,73,30880983,1,5,OK,-200.0,2.45770283299953,2.502705292000428,3,,,sensitivity_run,True,False,False,-200.0,2.45770283299953,3,2.502705292000428
Moderate,1,62,12,73,30880983,2,3,OK,-250.0,2.193332750000081,2.2377376670001468,3,,,sensitivity_run,True,False,False,-250.0,2.193332750000081,3,2.2377376670001468
Moderate,1,62,12,73,30880983,3,3,OK,-300.0,0.6339584999996077,0.678150208000261,0,,,sensitivity_run,True,False,False,-300.0,0.6339584999996077,0,0.678150208000261
Moderate,1,62,12,74,30880984,1,3,OK,-160.0,0.7977848750015255,0.8483134589987458,1,,,baseline_checkpoint,True,False,False,-160.0,0.7977848750015255,1,0.8483134589987458
Moderate,1,62,12,74,30880984,1,4,OK,-160.0,0.8387675419999141,0.8824754170000233,1,,,sensitivity_run,True,False,False,-160.0,0.8387675419999141,1,0.8824754170000233
Moderate,1,62,12,74,30880984,1,5,OK,-160.0,0.834029499999815,0.87780229100008,1,,,sensitivity_run,True,False,False,-160.0,0.834029499999815,1,0.87780229100008
Moderate,1,62,12,74,30880984,2,3,OK,-220.0,0.7240385410004819,0.7738817500003279,0,,,sensitivity_run,True,False,False,-220.0,0.7240385410004819,0,0.7738817500003279
Moderate,1,62,12,74,30880984,3,3,OK,-285.0,0.2476294170000983,0.291138375000628,0,,,sensitivity_run,True,False,False,-285.0,0.2476294170000983,0,0.291138375000628
Moderate,1,62,12,75,30880985,1,3,OK,-215.0,0.2804373339968151,0.3307014579986571,0,,,baseline_checkpoint,True,False,False,-215.0,0.2804373339968151,0,0.3307014579986571
Moderate,1,62,12,75,30880985,1,4,OK,-215.0,0.5781337909993454,0.6217880840004,1,,,sensitivity_run,True,False,False,-215.0,0.5781337909993454,1,0.6217880840004
Moderate,1,62,12,75,30880985,1,5,OK,-215.0,0.8560037500001272,0.9282213750002484,2,,,sensitivity_run,True,False,False,-215.0,0.8560037500001272,2,0.9282213750002484
Moderate,1,62,12,75,30880985,2,3,OK,-250.0,1.1328877919995648,1.1762899590003144,5,,,sensitivity_run,True,False,False,-250.0,1.1328877919995648,5,1.1762899590003144
Moderate,1,62,12,75,30880985,3,3,OK,-285.0,0.9449857079998764,0.9890629169995008,4,,,sensitivity_run,True,False,False,-285.0,0.9449857079998764,4,0.9890629169995008
Moderate,1,62,12,76,30880986,1,3,OK,-185.0,1.6069130420000874,1.6581938749986875,2,,,baseline_checkpoint,True,False,False,-185.0,1.6069130420000874,2,1.6581938749986875
Moderate,1,62,12,76,30880986,1,4,OK,-185.0,1.3412133339998036,1.3848543340000106,2,,,sensitivity_run,True,False,False,-185.0,1.3412133339998036,2,1.3848543340000106
Moderate,1,62,12,76,30880986,1,5,OK,-185.0,1.3004428749991348,1.3440930409997236,2,,,sensitivity_run,True,False,False,-185.0,1.3004428749991348,2,1.3440930409997236
Moderate,1,62,12,76,30880986,2,3,OK,-235.0,0.9076212500003747,0.9653362910003124,0,,,sensitivity_run,True,False,False,-235.0,0.9076212500003747,0,0.9653362910003124
Moderate,1,62,12,76,30880986,3,3,OK,-285.0,0.372087375000774,0.4161558750001859,1,,,sensitivity_run,True,False,False,-285.0,0.372087375000774,1,0.4161558750001859
Moderate,1,62,12,77,30880987,1,3,OK,-200.0,2.661888833001285,2.713053084000421,6,,,baseline_checkpoint,True,False,False,-200.0,2.661888833001285,6,2.713053084000421
Moderate,1,62,12,77,30880987,1,4,OK,-205.0,3.726700207999784,3.774460874999932,6,,,sensitivity_run,True,False,False,-205.0,3.726700207999784,6,3.774460874999932
Moderate,1,62,12,77,30880987,1,5,OK,-205.0,3.1572698750005657,3.2302686670000185,5,,,sensitivity_run,True,False,False,-205.0,3.1572698750005657,5,3.2302686670000185
Moderate,1,62,12,77,30880987,2,3,OK,-250.0,1.7652032920004783,1.8096221249998048,1,,,sensitivity_run,True,False,False,-250.0,1.7652032920004783,1,1.8096221249998048
Moderate,1,62,12,77,30880987,3,3,OK,-290.0,3.595035583999561,3.639891457999511,5,,,sensitivity_run,True,False,False,-290.0,3.595035583999561,5,3.639891457999511
Moderate,1,62,12,78,30880988,1,3,OK,-215.0,1.351422083000216,1.4023387089982862,3,,,baseline_checkpoint,True,False,False,-215.0,1.351422083000216,3,1.4023387089982862
Moderate,1,62,12,78,30880988,1,4,OK,-215.0,0.808256624999558,0.8517347080005493,2,,,sensitivity_run,True,False,False,-215.0,0.808256624999558,2,0.8517347080005493
Moderate,1,62,12,78,30880988,1,5,OK,-215.0,1.1041618750005,1.1482664579998527,2,,,sensitivity_run,True,False,False,-215.0,1.1041618750005,2,1.1482664579998527
Moderate,1,62,12,78,30880988,2,3,OK,-265.0,0.3745007919997078,0.4188978749998568,1,,,sensitivity_run,True,False,False,-265.0,0.3745007919997078,1,0.4188978749998568
Moderate,1,62,12,78,30880988,3,3,OK,-315.0,0.1807410420005908,0.2248310830000264,0,,,sensitivity_run,True,False,False,-315.0,0.1807410420005908,0,0.2248310830000264
Moderate,1,62,12,79,30880989,1,3,OK,-200.0,0.8741128330002539,0.9248831250006332,0,,,baseline_checkpoint,True,False,False,-200.0,0.8741128330002539,0,0.9248831250006332
Moderate,1,62,12,79,30880989,1,4,OK,-215.0,2.9186994159999813,2.9623225000004823,6,,,sensitivity_run,True,False,False,-215.0,2.9186994159999813,6,2.9623225000004823
Moderate,1,62,12,79,30880989,1,5,OK,-215.0,1.4155494999995426,1.4593238329998712,3,,,sensitivity_run,True,False,False,-215.0,1.4155494999995426,3,1.4593238329998712
Moderate,1,62,12,79,30880989,2,3,OK,-265.0,0.5084334580005816,0.5521102500006236,0,,,sensitivity_run,True,False,False,-265.0,0.5084334580005816,0,0.5521102500006236
Moderate,1,62,12,79,30880989,3,3,OK,-315.0,0.8683999590002713,0.9249449589997312,1,,,sensitivity_run,True,False,False,-315.0,0.8683999590002713,1,0.9249449589997312
Moderate,1,62,12,80,30880990,1,3,OK,-215.0,1.707178542001202,1.7578867499978514,2,,,baseline_checkpoint,True,False,False,-215.0,1.707178542001202,2,1.7578867499978514
Moderate,1,62,12,80,30880990,1,4,OK,-230.0,0.3345317499997691,0.3785780409998551,0,,,sensitivity_run,True,False,False,-230.0,0.3345317499997691,0,0.3785780409998551
Moderate,1,62,12,80,30880990,1,5,OK,-230.0,1.124546332999671,1.1677603750003982,2,,,sensitivity_run,True,False,False,-230.0,1.124546332999671,2,1.1677603750003982
Moderate,1,62,12,80,30880990,2,3,OK,-280.0,0.3671529579996786,0.41115125000033,1,,,sensitivity_run,True,False,False,-280.0,0.3671529579996786,1,0.41115125000033
Moderate,1,62,12,80,30880990,3,3,OK,-330.0,0.1844332079999731,0.2282017079996876,0,,,sensitivity_run,True,False,False,-330.0,0.1844332079999731,0,0.2282017079996876
Moderate,1,62,12,81,30880991,1,3,OK,-215.0,0.5889152909985569,0.6388274579985591,1,,,baseline_checkpoint,True,False,False,-215.0,0.5889152909985569,1,0.6388274579985591
Moderate,1,62,12,81,30880991,1,4,OK,-230.0,2.127156542000193,2.1710004579999804,5,,,sensitivity_run,True,False,False,-230.0,2.127156542000193,5,2.1710004579999804
Moderate,1,62,12,81,30880991,1,5,OK,-245.0,0.2376697500003501,0.2815405410001403,0,,,sensitivity_run,True,False,False,-245.0,0.2376697500003501,0,0.2815405410001403
Moderate,1,62,12,81,30880991,2,3,OK,-265.0,1.4309730830000262,1.474706416000117,1,,,sensitivity_run,True,False,False,-265.0,1.4309730830000262,1,1.474706416000117
Moderate,1,62,12,81,30880991,3,3,OK,-315.0,0.3779775000002701,0.4514233330000934,0,,,sensitivity_run,True,False,False,-315.0,0.3779775000002701,0,0.4514233330000934
Moderate,1,62,12,82,30880992,1,3,OK,-175.0,3.8519202089992177,3.9022270000023127,7,,,baseline_checkpoint,True,False,False,-175.0,3.8519202089992177,7,3.9022270000023127
Moderate,1,62,12,82,30880992,1,4,OK,-175.0,0.9860941669994644,1.029287041000316,2,,,sensitivity_run,True,False,False,-175.0,0.9860941669994644,2,1.029287041000316
Moderate,1,62,12,82,30880992,1,5,OK,-175.0,9.738312916999348,9.782744791000368,15,,,sensitivity_run,True,False,False,-175.0,9.738312916999348,15,9.782744791000368
Moderate,1,62,12,82,30880992,2,3,OK,-235.0,0.182807541999864,0.2273212500003865,0,,,sensitivity_run,True,False,False,-235.0,0.182807541999864,0,0.2273212500003865
Moderate,1,62,12,82,30880992,3,3,OK,-270.0,0.1951669999998557,0.2385432499995659,0,,,sensitivity_run,True,False,False,-270.0,0.1951669999998557,0,0.2385432499995659
Moderate,1,62,12,83,30880993,1,3,OK,-215.0,5.012974291999853,5.063360166997882,12,,,baseline_checkpoint,True,False,False,-215.0,5.012974291999853,12,5.063360166997882
Moderate,1,62,12,83,30880993,1,4,OK,-215.0,5.191439833000004,5.236478125000758,11,,,sensitivity_run,True,False,False,-215.0,5.191439833000004,11,5.236478125000758
Moderate,1,62,12,83,30880993,1,5,OK,-215.0,0.7149184999998397,0.7592029170000387,2,,,sensitivity_run,True,False,False,-215.0,0.7149184999998397,2,0.7592029170000387
Moderate,1,62,12,83,30880993,2,3,OK,-250.0,2.35913249999976,2.403584624999894,8,,,sensitivity_run,True,False,False,-250.0,2.35913249999976,8,2.403584624999894
Moderate,1,62,12,83,30880993,3,3,OK,-285.0,50.43983958300032,50.48410991600031,111,,,sensitivity_run,True,False,False,-285.0,50.43983958300032,111,50.48410991600031
Moderate,1,62,12,84,30880994,1,3,OK,-175.0,1.280604833002144,1.3309754170004453,2,,,baseline_checkpoint,True,False,False,-175.0,1.280604833002144,2,1.3309754170004453
Moderate,1,62,12,84,30880994,1,4,OK,-205.0,3.182814457999484,3.225807874999191,3,,,sensitivity_run,True,False,False,-205.0,3.182814457999484,3,3.225807874999191
Moderate,1,62,12,84,30880994,1,5,OK,-215.0,0.3787386250005511,0.422699666999506,0,,,sensitivity_run,True,False,False,-215.0,0.3787386250005511,0,0.422699666999506
Moderate,1,62,12,84,30880994,2,3,OK,-265.0,0.8205833339998208,0.8656307920000472,3,,,sensitivity_run,True,False,False,-265.0,0.8205833339998208,3,0.8656307920000472
Moderate,1,62,12,84,30880994,3,3,OK,-315.0,0.3453980419999425,0.3893090000001393,1,,,sensitivity_run,True,False,False,-315.0,0.3453980419999425,1,0.3893090000001393
Moderate,1,62,12,85,30880995,1,3,OK,-215.0,1.6036850000018603,1.6669282500006375,1,,,baseline_checkpoint,True,False,False,-215.0,1.6036850000018603,1,1.6669282500006375
Moderate,1,62,12,85,30880995,1,4,OK,-230.0,2.065973708000456,2.1096402919993125,2,,,sensitivity_run,True,False,False,-230.0,2.065973708000456,2,2.1096402919993125
Moderate,1,62,12,85,30880995,1,5,OK,-230.0,2.8922011670001666,2.9491065830006846,2,,,sensitivity_run,True,False,False,-230.0,2.8922011670001666,2,2.9491065830006846
Moderate,1,62,12,85,30880995,2,3,OK,-265.0,1.1583777919995557,1.2020722089991978,2,,,sensitivity_run,True,False,False,-265.0,1.1583777919995557,2,1.2020722089991978
Moderate,1,62,12,85,30880995,3,3,OK,-315.0,0.7025654580002083,0.746238457999425,1,,,sensitivity_run,True,False,False,-315.0,0.7025654580002083,1,0.746238457999425
Moderate,1,62,12,86,30880996,1,3,OK,-200.0,0.5301076249998005,0.5818124580000585,0,,,baseline_checkpoint,True,False,False,-200.0,0.5301076249998005,0,0.5818124580000585
Moderate,1,62,12,86,30880996,1,4,OK,-215.0,0.8638993329996083,0.9371123330001864,2,,,sensitivity_run,True,False,False,-215.0,0.8638993329996083,2,0.9371123330001864
Moderate,1,62,12,86,30880996,1,5,OK,-215.0,0.249986415999956,0.2933528749999823,0,,,sensitivity_run,True,False,False,-215.0,0.249986415999956,0,0.2933528749999823
Moderate,1,62,12,86,30880996,2,3,OK,-265.0,0.3649417920005362,0.409257332999914,1,,,sensitivity_run,True,False,False,-265.0,0.3649417920005362,1,0.409257332999914
Moderate,1,62,12,86,30880996,3,3,OK,-300.0,1.850091375000375,1.893651833000149,4,,,sensitivity_run,True,False,False,-300.0,1.850091375000375,4,1.893651833000149
Moderate,1,62,12,87,30880997,1,3,OK,-215.0,0.8670610829976795,0.917177332998108,0,,,baseline_checkpoint,True,False,False,-215.0,0.8670610829976795,0,0.917177332998108
Moderate,1,62,12,87,30880997,1,4,OK,-215.0,2.1579001660002177,2.2015263749999576,1,,,sensitivity_run,True,False,False,-215.0,2.1579001660002177,1,2.2015263749999576
Moderate,1,62,12,87,30880997,1,5,OK,-230.0,0.6672507079993011,0.7114385840004616,0,,,sensitivity_run,True,False,False,-230.0,0.6672507079993011,0,0.7114385840004616
Moderate,1,62,12,87,30880997,2,3,OK,-280.0,0.2459072499996182,0.2899330000000191,0,,,sensitivity_run,True,False,False,-280.0,0.2459072499996182,0,0.2899330000000191
Moderate,1,62,12,87,30880997,3,3,OK,-330.0,1.281220583000504,1.3256352500002322,2,,,sensitivity_run,True,False,False,-330.0,1.281220583000504,2,1.3256352500002322
Moderate,1,62,12,88,30880998,1,3,OK,-230.0,1.1233444999998028,1.1739645410016235,1,,,baseline_checkpoint,True,False,False,-230.0,1.1233444999998028,1,1.1739645410016235
Moderate,1,62,12,88,30880998,1,4,OK,-230.0,0.4675739590002195,0.5109803329996794,0,,,sensitivity_run,True,False,False,-230.0,0.4675739590002195,0,0.5109803329996794
Moderate,1,62,12,88,30880998,1,5,OK,-230.0,0.6352459999998246,0.679272833000141,1,,,sensitivity_run,True,False,False,-230.0,0.6352459999998246,1,0.679272833000141
Moderate,1,62,12,88,30880998,2,3,OK,-280.0,1.0418909580002946,1.0864833340001496,1,,,sensitivity_run,True,False,False,-280.0,1.0418909580002946,1,1.0864833340001496
Moderate,1,62,12,88,30880998,3,3,OK,-330.0,0.9621287910003956,1.0061209160003273,3,,,sensitivity_run,True,False,False,-330.0,0.9621287910003956,3,1.0061209160003273
Moderate,1,62,12,89,30880999,1,3,OK,-215.0,1.105121999997209,1.1555248340009712,1,,,baseline_checkpoint,True,False,False,-215.0,1.105121999997209,1,1.1555248340009712
Moderate,1,62,12,89,30880999,1,4,OK,-230.0,1.660387124999943,1.7032817090002936,2,,,sensitivity_run,True,False,False,-230.0,1.660387124999943,2,1.7032817090002936
Moderate,1,62,12,89,30880999,1,5,OK,-230.0,1.534210875000099,1.5779105000001437,3,,,sensitivity_run,True,False,False,-230.0,1.534210875000099,3,1.5779105000001437
Moderate,1,62,12,89,30880999,2,3,OK,-265.0,0.1791004159995282,0.2374561659999017,0,,,sensitivity_run,True,False,False,-265.0,0.1791004159995282,0,0.2374561659999017
Moderate,1,62,12,89,30880999,3,3,OK,-315.0,0.1801544160007324,0.2230291249998117,0,,,sensitivity_run,True,False,False,-315.0,0.1801544160007324,0,0.2230291249998117
Moderate,1,62,12,90,30881000,1,3,OK,-215.0,18.535777249999228,18.586785415998747,49,,,baseline_checkpoint,True,False,False,-215.0,18.535777249999228,49,18.586785415998747
Moderate,1,62,12,90,30881000,1,4,OK,-230.0,0.8690747919999922,0.913236667000092,2,,,sensitivity_run,True,False,False,-230.0,0.8690747919999922,2,0.913236667000092
Moderate,1,62,12,90,30881000,1,5,OK,-230.0,0.7377797919998557,0.7814258749995133,1,,,sensitivity_run,True,False,False,-230.0,0.7377797919998557,1,0.7814258749995133
Moderate,1,62,12,90,30881000,2,3,OK,-265.0,1.711109249999936,1.755413791999672,8,,,sensitivity_run,True,False,False,-265.0,1.711109249999936,8,1.755413791999672
Moderate,1,62,12,90,30881000,3,3,OK,-285.0,3.442574708999928,3.48559883300004,6,,,sensitivity_run,True,False,False,-285.0,3.442574708999928,6,3.48559883300004
Moderate,1,62,12,91,30881001,1,3,OK,-200.0,0.5777627079987724,0.628903500000888,2,,,baseline_checkpoint,True,False,False,-200.0,0.5777627079987724,2,0.628903500000888
Moderate,1,62,12,91,30881001,1,4,OK,-200.0,0.4091420409995407,0.453220667000096,0,,,sensitivity_run,True,False,False,-200.0,0.4091420409995407,0,0.453220667000096
Moderate,1,62,12,91,30881001,1,5,OK,-200.0,0.424270333000095,0.46782712500044,0,,,sensitivity_run,True,False,False,-200.0,0.424270333000095,0,0.46782712500044
Moderate,1,62,12,91,30881001,2,3,OK,-250.0,0.9963096250003218,1.040861208000024,3,,,sensitivity_run,True,False,False,-250.0,0.9963096250003218,3,1.040861208000024
Moderate,1,62,12,91,30881001,3,3,OK,-300.0,1.2030760410007133,1.2470209579996665,1,,,sensitivity_run,True,False,False,-300.0,1.2030760410007133,1,1.2470209579996665
Moderate,1,62,12,92,30881002,1,3,OK,-230.0,0.5394985829989309,0.5904385410030955,0,,,baseline_checkpoint,True,False,False,-230.0,0.5394985829989309,0,0.5904385410030955
Moderate,1,62,12,92,30881002,1,4,OK,-245.0,1.6810693340003129,1.7245370419996109,5,,,sensitivity_run,True,False,False,-245.0,1.6810693340003129,5,1.7245370419996109
Moderate,1,62,12,92,30881002,1,5,OK,-245.0,2.476255417000175,2.52039191699987,7,,,sensitivity_run,True,False,False,-245.0,2.476255417000175,7,2.52039191699987
Moderate,1,62,12,92,30881002,2,3,OK,-280.0,2.04980866599999,2.092910917000154,3,,,sensitivity_run,True,False,False,-280.0,2.04980866599999,3,2.092910917000154
Moderate,1,62,12,92,30881002,3,3,OK,-330.0,0.5532942500003628,0.5971313340005509,0,,,sensitivity_run,True,False,False,-330.0,0.5532942500003628,0,0.5971313340005509
Moderate,1,62,12,93,30881003,1,3,OK,-215.0,1.2932321250009409,1.3444107499999518,2,,,baseline_checkpoint,True,False,False,-215.0,1.2932321250009409,2,1.3444107499999518
Moderate,1,62,12,93,30881003,1,4,OK,-230.0,0.3620281249995969,0.4061897920000774,0,,,sensitivity_run,True,False,False,-230.0,0.3620281249995969,0,0.4061897920000774
Moderate,1,62,12,93,30881003,1,5,OK,-230.0,1.711430833999657,1.7551707499997065,3,,,sensitivity_run,True,False,False,-230.0,1.711430833999657,3,1.7551707499997065
Moderate,1,62,12,93,30881003,2,3,OK,-265.0,1.5549585000007935,1.59880854200037,4,,,sensitivity_run,True,False,False,-265.0,1.5549585000007935,4,1.59880854200037
Moderate,1,62,12,93,30881003,3,3,OK,-315.0,0.4052231250007025,0.449190374999489,0,,,sensitivity_run,True,False,False,-315.0,0.4052231250007025,0,0.449190374999489
Moderate,1,62,12,94,30881004,1,3,OK,-200.0,0.6158027079982276,0.6664861670033133,0,,,baseline_checkpoint,True,False,False,-200.0,0.6158027079982276,0,0.6664861670033133
Moderate,1,62,12,94,30881004,1,4,OK,-200.0,0.6280376670001715,0.6722470419999809,0,,,sensitivity_run,True,False,False,-200.0,0.6280376670001715,0,0.6722470419999809
Moderate,1,62,12,94,30881004,1,5,OK,-200.0,1.0239724169996407,1.0711633329992765,0,,,sensitivity_run,True,False,False,-200.0,1.0239724169996407,0,1.0711633329992765
Moderate,1,62,12,94,30881004,2,3,OK,-265.0,0.6576778329999797,0.7012638330006666,1,,,sensitivity_run,True,False,False,-265.0,0.6576778329999797,1,0.7012638330006666
Moderate,1,62,12,94,30881004,3,3,OK,-315.0,0.4809869170003367,0.5247391249995417,0,,,sensitivity_run,True,False,False,-315.0,0.4809869170003367,0,0.5247391249995417
Moderate,1,62,12,95,30881005,1,3,OK,-185.0,8.421132958003,8.47150029200202,18,,,baseline_checkpoint,True,False,False,-185.0,8.421132958003,18,8.47150029200202
Moderate,1,62,12,95,30881005,1,4,OK,-185.0,9.908913499999471,9.953081167000164,19,,,sensitivity_run,True,False,False,-185.0,9.908913499999471,19,9.953081167000164
Moderate,1,62,12,95,30881005,1,5,OK,-185.0,10.007610292000209,10.052103457999692,17,,,sensitivity_run,True,False,False,-185.0,10.007610292000209,17,10.052103457999692
Moderate,1,62,12,95,30881005,2,3,OK,-235.0,2.880949458000032,2.925726583000141,4,,,sensitivity_run,True,False,False,-235.0,2.880949458000032,4,2.925726583000141
Moderate,1,62,12,95,30881005,3,3,OK,-270.0,6.553560749999633,6.597685875000025,13,,,sensitivity_run,True,False,False,-270.0,6.553560749999633,13,6.597685875000025
Moderate,1,62,12,96,30881006,1,3,OK,-215.0,2.458457082997484,2.5090916660010407,3,,,baseline_checkpoint,True,False,False,-215.0,2.458457082997484,3,2.5090916660010407
Moderate,1,62,12,96,30881006,1,4,OK,-230.0,2.033540041999913,2.0795493340001485,6,,,sensitivity_run,True,False,False,-230.0,2.033540041999913,6,2.0795493340001485
Moderate,1,62,12,96,30881006,1,5,OK,-230.0,1.2578501670004698,1.3023102079996534,4,,,sensitivity_run,True,False,False,-230.0,1.2578501670004698,4,1.3023102079996534
Moderate,1,62,12,96,30881006,2,3,OK,-265.0,1.3217384169993238,1.3672352920002595,2,,,sensitivity_run,True,False,False,-265.0,1.3217384169993238,2,1.3672352920002595
Moderate,1,62,12,96,30881006,3,3,OK,-315.0,1.1499887500003751,1.194666999999754,1,,,sensitivity_run,True,False,False,-315.0,1.1499887500003751,1,1.194666999999754
Moderate,1,62,12,97,30881007,1,3,OK,-185.0,0.6874948330005282,0.738541416998487,0,,,baseline_checkpoint,True,False,False,-185.0,0.6874948330005282,0,0.738541416998487
Moderate,1,62,12,97,30881007,1,4,OK,-185.0,0.7383594170005381,0.7959217500001614,0,,,sensitivity_run,True,False,False,-185.0,0.7383594170005381,0,0.7959217500001614
Moderate,1,62,12,97,30881007,1,5,OK,-185.0,1.1680225420004715,1.211678749999919,0,,,sensitivity_run,True,False,False,-185.0,1.1680225420004715,0,1.211678749999919
Moderate,1,62,12,97,30881007,2,3,OK,-235.0,0.4840638329997091,0.52890354200008,0,,,sensitivity_run,True,False,False,-235.0,0.4840638329997091,0,0.52890354200008
Moderate,1,62,12,97,30881007,3,3,OK,-270.0,0.4229420000001482,0.4668699159992684,2,,,sensitivity_run,True,False,False,-270.0,0.4229420000001482,2,0.4668699159992684
Moderate,1,62,12,98,30881008,1,3,OK,-160.0,0.4865200829990499,0.5371833749995858,0,,,baseline_checkpoint,True,False,False,-160.0,0.4865200829990499,0,0.5371833749995858
Moderate,1,62,12,98,30881008,1,4,OK,-160.0,0.515586209000503,0.5595890840004358,0,,,sensitivity_run,True,False,False,-160.0,0.515586209000503,0,0.5595890840004358
Moderate,1,62,12,98,30881008,1,5,OK,-160.0,0.5476872079998429,0.591523000000052,0,,,sensitivity_run,True,False,False,-160.0,0.5476872079998429,0,0.591523000000052
Moderate,1,62,12,98,30881008,2,3,OK,-210.0,2.144330999999511,2.188886750000165,5,,,sensitivity_run,True,False,False,-210.0,2.144330999999511,5,2.188886750000165
Moderate,1,62,12,98,30881008,3,3,OK,-245.0,1.7671349580004971,1.810867958000017,5,,,sensitivity_run,True,False,False,-245.0,1.7671349580004971,5,1.810867958000017
Moderate,1,62,12,99,30881009,1,3,OK,-200.0,3.0450997079969966,3.09629275000043,3,,,baseline_checkpoint,True,False,False,-200.0,3.0450997079969966,3,3.09629275000043
Moderate,1,62,12,99,30881009,1,4,OK,-215.0,1.0569345000003525,1.1000964580007349,0,,,sensitivity_run,True,False,False,-215.0,1.0569345000003525,0,1.1000964580007349
Moderate,1,62,12,99,30881009,1,5,OK,-230.0,0.3765890839995336,0.4208422499996231,0,,,sensitivity_run,True,False,False,-230.0,0.3765890839995336,0,0.4208422499996231
Moderate,1,62,12,99,30881009,2,3,OK,-265.0,0.4225127079998856,0.4670482920000722,0,,,sensitivity_run,True,False,False,-265.0,0.4225127079998856,0,0.4670482920000722
Moderate,1,62,12,99,30881009,3,3,OK,-315.0,0.355043208999632,0.3983488329995452,0,,,sensitivity_run,True,False,False,-315.0,0.355043208999632,0,0.3983488329995452
Moderate,1,62,12,100,30881010,1,3,OK,-185.0,0.2751490830014518,0.3259707920005894,0,,,baseline_checkpoint,True,False,False,-185.0,0.2751490830014518,0,0.3259707920005894
Moderate,1,62,12,100,30881010,1,4,OK,-185.0,0.2758342500001163,0.3184402500000942,0,,,sensitivity_run,True,False,False,-185.0,0.2758342500001163,0,0.3184402500000942
Moderate,1,62,12,100,30881010,1,5,OK,-185.0,0.2743663750006817,0.3179002500000933,0,,,sensitivity_run,True,False,False,-185.0,0.2743663750006817,0,0.3179002500000933
Moderate,1,62,12,100,30881010,2,3,OK,-235.0,0.5647976670006756,0.6088101249997635,0,,,sensitivity_run,True,False,False,-235.0,0.5647976670006756,0,0.6088101249997635
Moderate,1,62,12,100,30881010,3,3,OK,-285.0,0.2920318750002479,0.3355018339998423,0,,,sensitivity_run,True,False,False,-285.0,0.2920318750002479,0,0.3355018339998423
Slow,0,43,12,1,20690911,1,3,OK,-145.0,0.1460864170003333,0.1711711249990912,0,,,baseline_checkpoint,True,False,False,-145.0,0.1460864170003333,0,0.1711711249990912
Slow,0,43,12,1,20690911,1,4,OK,-145.0,0.145260166999833,0.1667680000000473,0,,,sensitivity_run,True,False,False,-145.0,0.145260166999833,0,0.1667680000000473
Slow,0,43,12,1,20690911,1,5,OK,-145.0,0.1468592920000446,0.1680717080007525,0,,,sensitivity_run,True,False,False,-145.0,0.1468592920000446,0,0.1680717080007525
Slow,0,43,12,1,20690911,2,3,OK,-210.0,0.8950265829998898,0.9183223750005708,1,,,sensitivity_run,True,False,False,-210.0,0.8950265829998898,1,0.9183223750005708
Slow,0,43,12,1,20690911,3,3,OK,-210.0,0.2905458329996691,0.3116383329997916,1,,,sensitivity_run,True,False,False,-210.0,0.2905458329996691,1,0.3116383329997916
Slow,0,43,12,2,20690912,1,3,OK,-105.0,0.8106982910030638,0.834577416000684,3,,,baseline_checkpoint,True,False,False,-105.0,0.8106982910030638,3,0.834577416000684
Slow,0,43,12,2,20690912,1,4,OK,-105.0,0.2864319589998558,0.307595625000431,0,,,sensitivity_run,True,False,False,-105.0,0.2864319589998558,0,0.307595625000431
Slow,0,43,12,2,20690912,1,5,OK,-105.0,0.8710412500004168,0.8926796659998217,3,,,sensitivity_run,True,False,False,-105.0,0.8710412500004168,3,0.8926796659998217
Slow,0,43,12,2,20690912,2,3,OK,-180.0,0.5634917910001604,0.5848229999992327,1,,,sensitivity_run,True,False,False,-180.0,0.5634917910001604,1,0.5848229999992327
Slow,0,43,12,2,20690912,3,3,OK,-255.0,0.3374759999996968,0.3593713749996823,1,,,sensitivity_run,True,False,False,-255.0,0.3374759999996968,1,0.3593713749996823
Slow,0,43,12,3,20690913,1,3,OK,-105.0,0.6979678749994491,0.7222966670015012,1,,,baseline_checkpoint,True,False,False,-105.0,0.6979678749994491,1,0.7222966670015012
Slow,0,43,12,3,20690913,1,4,OK,-105.0,1.082902166999702,1.104421832999833,3,,,sensitivity_run,True,False,False,-105.0,1.082902166999702,3,1.104421832999833
Slow,0,43,12,3,20690913,1,5,OK,-105.0,0.6896274159998939,0.710918209000738,2,,,sensitivity_run,True,False,False,-105.0,0.6896274159998939,2,0.710918209000738
Slow,0,43,12,3,20690913,2,3,OK,-105.0,0.7023955419999766,0.7246974580002643,1,,,sensitivity_run,True,False,False,-105.0,0.7023955419999766,1,0.7246974580002643
Slow,0,43,12,3,20690913,3,3,OK,-105.0,0.6965659589995994,0.7180248750000828,1,,,sensitivity_run,True,False,False,-105.0,0.6965659589995994,1,0.7180248750000828
Slow,0,43,12,4,20690914,1,3,OK,-105.0,0.8037887919999775,0.8282805409980938,2,,,baseline_checkpoint,True,False,False,-105.0,0.8037887919999775,2,0.8282805409980938
Slow,0,43,12,4,20690914,1,4,OK,-105.0,0.6102150839997194,0.6630161670000234,1,,,sensitivity_run,True,False,False,-105.0,0.6102150839997194,1,0.6630161670000234
Slow,0,43,12,4,20690914,1,5,OK,-105.0,1.268525082999986,1.290290707999702,3,,,sensitivity_run,True,False,False,-105.0,1.268525082999986,3,1.290290707999702
Slow,0,43,12,4,20690914,2,3,OK,-195.0,0.2539745829999447,0.2757492499995351,0,,,sensitivity_run,True,False,False,-195.0,0.2539745829999447,0,0.2757492499995351
Slow,0,43,12,4,20690914,3,3,OK,-230.0,0.4950197090001893,0.5165534170000683,1,,,sensitivity_run,True,False,False,-230.0,0.4950197090001893,1,0.5165534170000683
Slow,0,43,12,5,20690915,1,3,OK,-65.0,0.2645033330009028,0.3163332919975801,0,,,baseline_checkpoint,True,False,False,-65.0,0.2645033330009028,0,0.3163332919975801
Slow,0,43,12,5,20690915,1,4,OK,-65.0,0.2073099999997794,0.228084750000562,0,,,sensitivity_run,True,False,False,-65.0,0.2073099999997794,0,0.228084750000562
Slow,0,43,12,5,20690915,1,5,OK,-65.0,0.208631417000106,0.2298959589998048,0,,,sensitivity_run,True,False,False,-65.0,0.208631417000106,0,0.2298959589998048
Slow,0,43,12,5,20690915,2,3,OK,-155.0,0.3697317500000281,0.3910488749997967,1,,,sensitivity_run,True,False,False,-155.0,0.3697317500000281,1,0.3910488749997967
Slow,0,43,12,5,20690915,3,3,OK,-205.0,0.183864958000413,0.2050009160002446,0,,,sensitivity_run,True,False,False,-205.0,0.183864958000413,0,0.2050009160002446
Slow,0,43,12,6,20690916,1,3,OK,-105.0,0.4673925830029475,0.4916648329999589,2,,,baseline_checkpoint,True,False,False,-105.0,0.4673925830029475,2,0.4916648329999589
Slow,0,43,12,6,20690916,1,4,OK,-105.0,0.3753608750002968,0.3967350419998183,1,,,sensitivity_run,True,False,False,-105.0,0.3753608750002968,1,0.3967350419998183
Slow,0,43,12,6,20690916,1,5,OK,-105.0,0.661670917000265,0.6829508749997331,3,,,sensitivity_run,True,False,False,-105.0,0.661670917000265,3,0.6829508749997331
Slow,0,43,12,6,20690916,2,3,OK,-170.0,0.2194087500001842,0.2539392500002577,0,,,sensitivity_run,True,False,False,-170.0,0.2194087500001842,0,0.2539392500002577
Slow,0,43,12,6,20690916,3,3,OK,-205.0,0.3164137909998317,0.3377774999999019,0,,,sensitivity_run,True,False,False,-205.0,0.3164137909998317,0,0.3377774999999019
Slow,0,43,12,7,20690917,1,3,OK,-145.0,0.2388899170000513,0.2631665829976555,0,,,baseline_checkpoint,True,False,False,-145.0,0.2388899170000513,0,0.2631665829976555
Slow,0,43,12,7,20690917,1,4,OK,-145.0,0.5548304169997209,0.576432666999608,1,,,sensitivity_run,True,False,False,-145.0,0.5548304169997209,1,0.576432666999608
Slow,0,43,12,7,20690917,1,5,OK,-145.0,0.4283605829996304,0.4500232919999689,0,,,sensitivity_run,True,False,False,-145.0,0.4283605829996304,0,0.4500232919999689
Slow,0,43,12,7,20690917,2,3,OK,-195.0,0.2331442499998957,0.2549467089993413,0,,,sensitivity_run,True,False,False,-195.0,0.2331442499998957,0,0.2549467089993413
Slow,0,43,12,7,20690917,3,3,OK,-195.0,0.2331142920002094,0.2542810830000235,0,,,sensitivity_run,True,False,False,-195.0,0.2331142920002094,0,0.2542810830000235
Slow,0,43,12,8,20690918,1,3,OK,-145.0,0.6914299590025621,0.7161276250008086,3,,,baseline_checkpoint,True,False,False,-145.0,0.6914299590025621,3,0.7161276250008086
Slow,0,43,12,8,20690918,1,4,OK,-145.0,0.732249708999916,0.753760333000173,3,,,sensitivity_run,True,False,False,-145.0,0.732249708999916,3,0.753760333000173
Slow,0,43,12,8,20690918,1,5,OK,-145.0,0.7067043750002995,0.7285494580000886,3,,,sensitivity_run,True,False,False,-145.0,0.7067043750002995,3,0.7285494580000886
Slow,0,43,12,8,20690918,2,3,OK,-220.0,0.1736228749996371,0.1954602910000176,0,,,sensitivity_run,True,False,False,-220.0,0.1736228749996371,0,0.1954602910000176
Slow,0,43,12,8,20690918,3,3,OK,-270.0,0.2538529579996975,0.2752878749997762,0,,,sensitivity_run,True,False,False,-270.0,0.2538529579996975,0,0.2752878749997762
Slow,0,43,12,9,20690919,1,3,OK,-105.0,0.4685549169989826,0.492764000002353,2,,,baseline_checkpoint,True,False,False,-105.0,0.4685549169989826,2,0.492764000002353
Slow,0,43,12,9,20690919,1,4,OK,-105.0,0.3157058329998108,0.3373985419993914,1,,,sensitivity_run,True,False,False,-105.0,0.3157058329998108,1,0.3373985419993914
Slow,0,43,12,9,20690919,1,5,OK,-105.0,0.317438874999425,0.3387502089999543,1,,,sensitivity_run,True,False,False,-105.0,0.317438874999425,1,0.3387502089999543
Slow,0,43,12,9,20690919,2,3,OK,-180.0,0.3135923339996225,0.3350810000001729,1,,,sensitivity_run,True,False,False,-180.0,0.3135923339996225,1,0.3350810000001729
Slow,0,43,12,9,20690919,3,3,OK,-215.0,0.3168490420002854,0.3384905829998388,1,,,sensitivity_run,True,False,False,-215.0,0.3168490420002854,1,0.3384905829998388
Slow,0,43,12,10,20690920,1,3,OK,-105.0,0.4873509580029349,0.5117369170002348,1,,,baseline_checkpoint,True,False,False,-105.0,0.4873509580029349,1,0.5117369170002348
Slow,0,43,12,10,20690920,1,4,OK,-105.0,0.4804998750005325,0.5025498330005576,1,,,sensitivity_run,True,False,False,-105.0,0.4804998750005325,1,0.5025498330005576
Slow,0,43,12,10,20690920,1,5,OK,-105.0,0.482187999999951,0.5039939170001162,1,,,sensitivity_run,True,False,False,-105.0,0.482187999999951,1,0.5039939170001162
Slow,0,43,12,10,20690920,2,3,OK,-180.0,0.3359937080003874,0.357826667000154,1,,,sensitivity_run,True,False,False,-180.0,0.3359937080003874,1,0.357826667000154
Slow,0,43,12,10,20690920,3,3,OK,-205.0,1.682739208000385,1.704016665999916,4,,,sensitivity_run,True,False,False,-205.0,1.682739208000385,4,1.704016665999916
Slow,0,43,12,11,20690921,1,3,OK,-145.0,0.3086647080017428,0.3331254170007014,0,,,baseline_checkpoint,True,False,False,-145.0,0.3086647080017428,0,0.3331254170007014
Slow,0,43,12,11,20690921,1,4,OK,-145.0,1.4856041660004848,1.5068359169999894,5,,,sensitivity_run,True,False,False,-145.0,1.4856041660004848,5,1.5068359169999894
Slow,0,43,12,11,20690921,1,5,OK,-145.0,1.6116099170003508,1.633507250000548,4,,,sensitivity_run,True,False,False,-145.0,1.6116099170003508,4,1.633507250000548
Slow,0,43,12,11,20690921,2,3,OK,-195.0,1.212927624999793,1.2350930000002336,2,,,sensitivity_run,True,False,False,-195.0,1.212927624999793,2,1.2350930000002336
Slow,0,43,12,11,20690921,3,3,OK,-245.0,0.1697058750005453,0.1916298340001958,0,,,sensitivity_run,True,False,False,-245.0,0.1697058750005453,0,0.1916298340001958
Slow,0,43,12,12,20690922,1,3,OK,-105.0,0.2615066670005035,0.285642042003019,1,,,baseline_checkpoint,True,False,False,-105.0,0.2615066670005035,1,0.285642042003019
Slow,0,43,12,12,20690922,1,4,OK,-105.0,0.2654834999993909,0.2871799169997757,1,,,sensitivity_run,True,False,False,-105.0,0.2654834999993909,1,0.2871799169997757
Slow,0,43,12,12,20690922,1,5,OK,-105.0,0.2696258749992921,0.290887666999879,1,,,sensitivity_run,True,False,False,-105.0,0.2696258749992921,1,0.290887666999879
Slow,0,43,12,12,20690922,2,3,OK,-180.0,0.2702498750004451,0.2925093750000087,1,,,sensitivity_run,True,False,False,-180.0,0.2702498750004451,1,0.2925093750000087
Slow,0,43,12,12,20690922,3,3,OK,-180.0,0.2672454589992412,0.2886791660002927,1,,,sensitivity_run,True,False,False,-180.0,0.2672454589992412,1,0.2886791660002927
Slow,0,43,12,13,20690923,1,3,OK,-160.0,0.3401472500008822,0.3761519159997988,1,,,baseline_checkpoint,True,False,False,-160.0,0.3401472500008822,1,0.3761519159997988
Slow,0,43,12,13,20690923,1,4,OK,-160.0,0.3407941249997748,0.3620289999998931,1,,,sensitivity_run,True,False,False,-160.0,0.3407941249997748,1,0.3620289999998931
Slow,0,43,12,13,20690923,1,5,OK,-160.0,0.3386215000000447,0.3598965840001256,1,,,sensitivity_run,True,False,False,-160.0,0.3386215000000447,1,0.3598965840001256
Slow,0,43,12,13,20690923,2,3,OK,-160.0,0.3423783749994982,0.3641500410003573,1,,,sensitivity_run,True,False,False,-160.0,0.3423783749994982,1,0.3641500410003573
Slow,0,43,12,13,20690923,3,3,OK,-160.0,0.3414547920001496,0.3628926669998691,1,,,sensitivity_run,True,False,False,-160.0,0.3414547920001496,1,0.3628926669998691
Slow,0,43,12,14,20690924,1,3,OK,-120.0,0.1585397089984326,0.1827335000016319,0,,,baseline_checkpoint,True,False,False,-120.0,0.1585397089984326,0,0.1827335000016319
Slow,0,43,12,14,20690924,1,4,OK,-120.0,0.5273070419998476,0.5491637919994901,1,,,sensitivity_run,True,False,False,-120.0,0.5273070419998476,1,0.5491637919994901
Slow,0,43,12,14,20690924,1,5,OK,-120.0,0.2708677500004341,0.2925658750000366,0,,,sensitivity_run,True,False,False,-120.0,0.2708677500004341,0,0.2925658750000366
Slow,0,43,12,14,20690924,2,3,OK,-180.0,0.4760705420003432,0.5263385839998591,2,,,sensitivity_run,True,False,False,-180.0,0.4760705420003432,2,0.5263385839998591
Slow,0,43,12,14,20690924,3,3,OK,-230.0,1.024149208000381,1.0455961659999955,5,,,sensitivity_run,True,False,False,-230.0,1.024149208000381,5,1.0455961659999955
Slow,0,43,12,15,20690925,1,3,OK,-65.0,0.2901463339985639,0.3143866669997806,1,,,baseline_checkpoint,True,False,False,-65.0,0.2901463339985639,1,0.3143866669997806
Slow,0,43,12,15,20690925,1,4,OK,-105.0,0.1451009169995814,0.1666895839998687,0,,,sensitivity_run,True,False,False,-105.0,0.1451009169995814,0,0.1666895839998687
Slow,0,43,12,15,20690925,1,5,OK,-105.0,0.1465681669997138,0.1682580409997172,0,,,sensitivity_run,True,False,False,-105.0,0.1465681669997138,0,0.1682580409997172
Slow,0,43,12,15,20690925,2,3,OK,-140.0,0.2364192080003704,0.2705127500003073,0,,,sensitivity_run,True,False,False,-140.0,0.2364192080003704,0,0.2705127500003073
Slow,0,43,12,15,20690925,3,3,OK,-215.0,0.4288547090000065,0.4512847910000346,3,,,sensitivity_run,True,False,False,-215.0,0.4288547090000065,3,0.4512847910000346
Slow,0,43,12,16,20690926,1,3,OK,150.0,0.5759717910004838,0.6007591249981488,2,,,baseline_checkpoint,True,False,False,150.0,0.5759717910004838,2,0.6007591249981488
Slow,0,43,12,16,20690926,1,4,OK,-40.0,0.3833329999997659,0.4050170840000646,1,,,sensitivity_run,True,False,False,-40.0,0.3833329999997659,1,0.4050170840000646
Slow,0,43,12,16,20690926,1,5,OK,-80.0,0.190250417000243,0.2124565000003713,0,,,sensitivity_run,True,False,False,-80.0,0.190250417000243,0,0.2124565000003713
Slow,0,43,12,16,20690926,2,3,OK,-15.0,0.3763992080002936,0.3988985420000972,1,,,sensitivity_run,True,False,False,-15.0,0.3763992080002936,1,0.3988985420000972
Slow,0,43,12,16,20690926,3,3,OK,-180.0,0.211297791999641,0.2329188330004399,0,,,sensitivity_run,True,False,False,-180.0,0.211297791999641,0,0.2329188330004399
Slow,0,43,12,17,20690927,1,3,OK,-145.0,1.223863250001159,1.248606084001949,4,,,baseline_checkpoint,True,False,False,-145.0,1.223863250001159,4,1.248606084001949
Slow,0,43,12,17,20690927,1,4,OK,-145.0,1.334432249999736,1.3559248749998003,3,,,sensitivity_run,True,False,False,-145.0,1.334432249999736,3,1.3559248749998003
Slow,0,43,12,17,20690927,1,5,OK,-145.0,0.8584912919995986,0.879908124999929,1,,,sensitivity_run,True,False,False,-145.0,0.8584912919995986,1,0.879908124999929
Slow,0,43,12,17,20690927,2,3,OK,-195.0,0.5590608749998864,0.5804445000003398,1,,,sensitivity_run,True,False,False,-195.0,0.5590608749998864,1,0.5804445000003398
Slow,0,43,12,17,20690927,3,3,OK,-230.0,0.2995419170001696,0.3218137500007287,0,,,sensitivity_run,True,False,False,-230.0,0.2995419170001696,0,0.3218137500007287
Slow,0,43,12,18,20690928,1,3,OK,-65.0,0.9088466670000344,0.933162249999441,4,,,baseline_checkpoint,True,False,False,-65.0,0.9088466670000344,4,0.933162249999441
Slow,0,43,12,18,20690928,1,4,OK,-65.0,0.7127534589999414,0.7345464589998301,5,,,sensitivity_run,True,False,False,-65.0,0.7127534589999414,5,0.7345464589998301
Slow,0,43,12,18,20690928,1,5,OK,-65.0,0.8271677080001609,0.8492224580004404,4,,,sensitivity_run,True,False,False,-65.0,0.8271677080001609,4,0.8492224580004404
Slow,0,43,12,18,20690928,2,3,OK,-180.0,0.1839790000003631,0.2060862500002258,0,,,sensitivity_run,True,False,False,-180.0,0.1839790000003631,0,0.2060862500002258
Slow,0,43,12,18,20690928,3,3,OK,-230.0,0.2619848750000528,0.2836532920000536,0,,,sensitivity_run,True,False,False,-230.0,0.2619848750000528,0,0.2836532920000536
Slow,0,43,12,19,20690929,1,3,OK,-145.0,0.3329335410016938,0.3579665409997687,2,,,baseline_checkpoint,True,False,False,-145.0,0.3329335410016938,2,0.3579665409997687
Slow,0,43,12,19,20690929,1,4,OK,-145.0,0.3164825829999245,0.3383463749996735,2,,,sensitivity_run,True,False,False,-145.0,0.3164825829999245,2,0.3383463749996735
Slow,0,43,12,19,20690929,1,5,OK,-145.0,0.3168969160005872,0.3383436250005616,2,,,sensitivity_run,True,False,False,-145.0,0.3168969160005872,2,0.3383436250005616
Slow,0,43,12,19,20690929,2,3,OK,-180.0,0.8209970420002719,0.8435710410003594,4,,,sensitivity_run,True,False,False,-180.0,0.8209970420002719,4,0.8435710410003594
Slow,0,43,12,19,20690929,3,3,OK,-180.0,0.845197958999961,0.8669702500001222,4,,,sensitivity_run,True,False,False,-180.0,0.845197958999961,4,0.8669702500001222
Slow,0,43,12,20,20690930,1,3,OK,-145.0,0.3942785420003929,0.4182647080015158,2,,,baseline_checkpoint,True,False,False,-145.0,0.3942785420003929,2,0.4182647080015158
Slow,0,43,12,20,20690930,1,4,OK,-145.0,0.3987103330000536,0.4202147500000137,2,,,sensitivity_run,True,False,False,-145.0,0.3987103330000536,2,0.4202147500000137
Slow,0,43,12,20,20690930,1,5,OK,-145.0,0.396727207999902,0.4180911670000569,2,,,sensitivity_run,True,False,False,-145.0,0.396727207999902,2,0.4180911670000569
Slow,0,43,12,20,20690930,2,3,OK,-195.0,0.2496693330003836,0.2719985000003362,0,,,sensitivity_run,True,False,False,-195.0,0.2496693330003836,0,0.2719985000003362
Slow,0,43,12,20,20690930,3,3,OK,-230.0,0.1850371250002354,0.2068187499999112,0,,,sensitivity_run,True,False,False,-230.0,0.1850371250002354,0,0.2068187499999112
Slow,0,43,12,21,20690931,1,3,OK,-120.0,0.5897177499973623,0.6138678749994142,1,,,baseline_checkpoint,True,False,False,-120.0,0.5897177499973623,1,0.6138678749994142
Slow,0,43,12,21,20690931,1,4,OK,-120.0,0.8899187919996621,0.9119837090001964,2,,,sensitivity_run,True,False,False,-120.0,0.8899187919996621,2,0.9119837090001964
Slow,0,43,12,21,20690931,1,5,OK,-120.0,1.0092523339999389,1.030977958999756,2,,,sensitivity_run,True,False,False,-120.0,1.0092523339999389,2,1.030977958999756
Slow,0,43,12,21,20690931,2,3,OK,-195.0,0.3579767080000238,0.3803437500000655,1,,,sensitivity_run,True,False,False,-195.0,0.3579767080000238,1,0.3803437500000655
Slow,0,43,12,21,20690931,3,3,OK,-230.0,1.5657626669999445,1.5872982499995487,4,,,sensitivity_run,True,False,False,-230.0,1.5657626669999445,4,1.5872982499995487
Slow,0,43,12,22,20690932,1,3,OK,-145.0,0.5463514160001068,0.5710458329995163,2,,,baseline_checkpoint,True,False,False,-145.0,0.5463514160001068,2,0.5710458329995163
Slow,0,43,12,22,20690932,1,4,OK,-145.0,0.5629822910004805,0.5844831249996787,2,,,sensitivity_run,True,False,False,-145.0,0.5629822910004805,2,0.5844831249996787
Slow,0,43,12,22,20690932,1,5,OK,-145.0,0.5889396249995116,0.6104433330001484,1,,,sensitivity_run,True,False,False,-145.0,0.5889396249995116,1,0.6104433330001484
Slow,0,43,12,22,20690932,2,3,OK,-220.0,0.2914544579998619,0.3135961250000036,1,,,sensitivity_run,True,False,False,-220.0,0.2914544579998619,1,0.3135961250000036
Slow,0,43,12,22,20690932,3,3,OK,-255.0,0.2594952500003273,0.2813401659996088,0,,,sensitivity_run,True,False,False,-255.0,0.2594952500003273,0,0.2813401659996088
Slow,0,43,12,23,20690933,1,3,OK,-160.0,0.1468470829968282,0.171111125000607,0,,,baseline_checkpoint,True,False,False,-160.0,0.1468470829968282,0,0.171111125000607
Slow,0,43,12,23,20690933,1,4,OK,-160.0,0.1490761670002029,0.1707552089992532,0,,,sensitivity_run,True,False,False,-160.0,0.1490761670002029,0,0.1707552089992532
Slow,0,43,12,23,20690933,1,5,OK,-160.0,0.1466602500004228,0.168054665999989,0,,,sensitivity_run,True,False,False,-160.0,0.1466602500004228,0,0.168054665999989
Slow,0,43,12,23,20690933,2,3,OK,-210.0,0.4698387089993048,0.4924591670005611,1,,,sensitivity_run,True,False,False,-210.0,0.4698387089993048,1,0.4924591670005611
Slow,0,43,12,23,20690933,3,3,OK,-245.0,0.146756500000265,0.1806353750007474,0,,,sensitivity_run,True,False,False,-245.0,0.146756500000265,0,0.1806353750007474
Slow,0,43,12,24,20690934,1,3,OK,-145.0,0.7978197919983359,0.8225117920010234,2,,,baseline_checkpoint,True,False,False,-145.0,0.7978197919983359,2,0.8225117920010234
Slow,0,43,12,24,20690934,1,4,OK,-145.0,0.8538757079995776,0.8754644170003303,2,,,sensitivity_run,True,False,False,-145.0,0.8538757079995776,2,0.8754644170003303
Slow,0,43,12,24,20690934,1,5,OK,-145.0,0.9720087910000076,0.9944314169997596,2,,,sensitivity_run,True,False,False,-145.0,0.9720087910000076,2,0.9944314169997596
Slow,0,43,12,24,20690934,2,3,OK,-210.0,0.3123682499999631,0.3348968749996857,0,,,sensitivity_run,True,False,False,-210.0,0.3123682499999631,0,0.3348968749996857
Slow,0,43,12,24,20690934,3,3,OK,-260.0,0.1723112090003269,0.1941143329995611,0,,,sensitivity_run,True,False,False,-260.0,0.1723112090003269,0,0.1941143329995611
Slow,0,43,12,25,20690935,1,3,OK,-105.0,1.4391105409995362,1.4631574999984878,8,,,baseline_checkpoint,True,False,False,-105.0,1.4391105409995362,8,1.4631574999984878
Slow,0,43,12,25,20690935,1,4,OK,-105.0,0.2263700419998713,0.2484192079991771,0,,,sensitivity_run,True,False,False,-105.0,0.2263700419998713,0,0.2484192079991771
Slow,0,43,12,25,20690935,1,5,OK,-105.0,0.2225438329996905,0.2442291670004124,0,,,sensitivity_run,True,False,False,-105.0,0.2225438329996905,0,0.2442291670004124
Slow,0,43,12,25,20690935,2,3,OK,-195.0,0.302339832999678,0.3245315829999526,0,,,sensitivity_run,True,False,False,-195.0,0.302339832999678,0,0.3245315829999526
Slow,0,43,12,25,20690935,3,3,OK,-245.0,0.1444650419998652,0.1662317500004064,0,,,sensitivity_run,True,False,False,-245.0,0.1444650419998652,0,0.1662317500004064
Slow,0,43,12,26,20690936,1,3,OK,-80.0,0.1715226250016712,0.195710791998863,0,,,baseline_checkpoint,True,False,False,-80.0,0.1715226250016712,0,0.195710791998863
Slow,0,43,12,26,20690936,1,4,OK,-80.0,0.2389066670002648,0.260667999999896,0,,,sensitivity_run,True,False,False,-80.0,0.2389066670002648,0,0.260667999999896
Slow,0,43,12,26,20690936,1,5,OK,-80.0,0.2700261669997417,0.2917022499996164,0,,,sensitivity_run,True,False,False,-80.0,0.2700261669997417,0,0.2917022499996164
Slow,0,43,12,26,20690936,2,3,OK,-155.0,0.4163251250001849,0.4386459170000307,0,,,sensitivity_run,True,False,False,-155.0,0.4163251250001849,0,0.4386459170000307
Slow,0,43,12,26,20690936,3,3,OK,-205.0,0.5144969590000983,0.5362959590001992,3,,,sensitivity_run,True,False,False,-205.0,0.5144969590000983,3,0.5362959590001992
Slow,0,43,12,27,20690937,1,3,OK,-160.0,0.3378323750002892,0.3623662920035713,1,,,baseline_checkpoint,True,False,False,-160.0,0.3378323750002892,1,0.3623662920035713
Slow,0,43,12,27,20690937,1,4,OK,-160.0,0.3437609579996206,0.3657630420002533,1,,,sensitivity_run,True,False,False,-160.0,0.3437609579996206,1,0.3657630420002533
Slow,0,43,12,27,20690937,1,5,OK,-160.0,0.3469834999996237,0.3690689999993992,1,,,sensitivity_run,True,False,False,-160.0,0.3469834999996237,1,0.3690689999993992
Slow,0,43,12,27,20690937,2,3,OK,-235.0,0.5398764170004142,0.5626206659999298,2,,,sensitivity_run,True,False,False,-235.0,0.5398764170004142,2,0.5626206659999298
Slow,0,43,12,27,20690937,3,3,OK,-245.0,0.2467177500002435,0.268211667000287,0,,,sensitivity_run,True,False,False,-245.0,0.2467177500002435,0,0.268211667000287
Slow,0,43,12,28,20690938,1,3,OK,165.0,0.1851229159983631,0.2097414590025437,0,,,baseline_checkpoint,True,False,False,165.0,0.1851229159983631,0,0.2097414590025437
Slow,0,43,12,28,20690938,1,4,OK,15.0,0.187519417000658,0.2095862500000294,0,,,sensitivity_run,True,False,False,15.0,0.187519417000658,0,0.2095862500000294
Slow,0,43,12,28,20690938,1,5,OK,-25.0,0.5852893749997747,0.6070972090001305,2,,,sensitivity_run,True,False,False,-25.0,0.5852893749997747,2,0.6070972090001305
Slow,0,43,12,28,20690938,2,3,OK,0.0,0.5576391249996959,0.5800516250001237,3,,,sensitivity_run,True,False,False,0.0,0.5576391249996959,3,0.5800516250001237
Slow,0,43,12,28,20690938,3,3,OK,-150.0,0.3823355419999643,0.4043749160000516,1,,,sensitivity_run,True,False,False,-150.0,0.3823355419999643,1,0.4043749160000516
Slow,0,43,12,29,20690939,1,3,OK,-105.0,0.3480655409985047,0.3720962080005847,1,,,baseline_checkpoint,True,False,False,-105.0,0.3480655409985047,1,0.3720962080005847
Slow,0,43,12,29,20690939,1,4,OK,-105.0,0.1754740830001537,0.19786912499967,0,,,sensitivity_run,True,False,False,-105.0,0.1754740830001537,0,0.19786912499967
Slow,0,43,12,29,20690939,1,5,OK,-105.0,0.1766895829996428,0.1983793339995827,0,,,sensitivity_run,True,False,False,-105.0,0.1766895829996428,0,0.1983793339995827
Slow,0,43,12,29,20690939,2,3,OK,-170.0,0.1974392920001264,0.2501467080001021,0,,,sensitivity_run,True,False,False,-170.0,0.1974392920001264,0,0.2501467080001021
Slow,0,43,12,29,20690939,3,3,OK,-230.0,0.299030958000003,0.3211713330001657,1,,,sensitivity_run,True,False,False,-230.0,0.299030958000003,1,0.3211713330001657
Slow,0,43,12,30,20690940,1,3,OK,-120.0,0.3170464590002666,0.3413014160032617,1,,,baseline_checkpoint,True,False,False,-120.0,0.3170464590002666,1,0.3413014160032617
Slow,0,43,12,30,20690940,1,4,OK,-120.0,0.9233008330002122,0.9456452919994264,3,,,sensitivity_run,True,False,False,-120.0,0.9233008330002122,3,0.9456452919994264
Slow,0,43,12,30,20690940,1,5,OK,-120.0,1.0792865840003287,1.1015682500001276,3,,,sensitivity_run,True,False,False,-120.0,1.0792865840003287,3,1.1015682500001276
Slow,0,43,12,30,20690940,2,3,OK,-195.0,0.1575522919993091,0.1801392079996731,0,,,sensitivity_run,True,False,False,-195.0,0.1575522919993091,0,0.1801392079996731
Slow,0,43,12,30,20690940,3,3,OK,-230.0,0.5958419580001646,0.6172108749997278,1,,,sensitivity_run,True,False,False,-230.0,0.5958419580001646,1,0.6172108749997278
Slow,0,43,12,31,20690941,1,3,OK,-25.0,0.5384269170026528,0.5625116660012281,2,,,baseline_checkpoint,True,False,False,-25.0,0.5384269170026528,2,0.5625116660012281
Slow,0,43,12,31,20690941,1,4,OK,-65.0,0.5557186250007362,0.5778337089996057,2,,,sensitivity_run,True,False,False,-65.0,0.5557186250007362,2,0.5778337089996057
Slow,0,43,12,31,20690941,1,5,OK,-65.0,0.9295401250001304,0.951191540999389,4,,,sensitivity_run,True,False,False,-65.0,0.9295401250001304,4,0.951191540999389
Slow,0,43,12,31,20690941,2,3,OK,-140.0,1.7288895420006156,1.75070125000002,9,,,sensitivity_run,True,False,False,-140.0,1.7288895420006156,9,1.75070125000002
Slow,0,43,12,31,20690941,3,3,OK,-190.0,0.26256791600008,0.2845386250000956,0,,,sensitivity_run,True,False,False,-190.0,0.26256791600008,0,0.2845386250000956
Slow,0,43,12,32,20690942,1,3,OK,150.0,0.3391035419990658,0.363904249999905,1,,,baseline_checkpoint,True,False,False,150.0,0.3391035419990658,1,0.363904249999905
Slow,0,43,12,32,20690942,1,4,OK,-25.0,0.3691695409997919,0.3905171249998602,1,,,sensitivity_run,True,False,False,-25.0,0.3691695409997919,1,0.3905171249998602
Slow,0,43,12,32,20690942,1,5,OK,-80.0,0.5428225420000672,0.564476375000595,2,,,sensitivity_run,True,False,False,-80.0,0.5428225420000672,2,0.564476375000595
Slow,0,43,12,32,20690942,2,3,OK,0.0,0.3628239590007069,0.3852331660000345,2,,,sensitivity_run,True,False,False,0.0,0.3628239590007069,2,0.3852331660000345
Slow,0,43,12,32,20690942,3,3,OK,-150.0,4.676441042000079,4.698351209000066,27,,,sensitivity_run,True,False,False,-150.0,4.676441042000079,27,4.698351209000066
Slow,0,43,12,33,20690943,1,3,OK,-145.0,0.2568775840009039,0.2815927910014579,0,,,baseline_checkpoint,True,False,False,-145.0,0.2568775840009039,0,0.2815927910014579
Slow,0,43,12,33,20690943,1,4,OK,-145.0,0.2614327909996063,0.2832907920001162,0,,,sensitivity_run,True,False,False,-145.0,0.2614327909996063,0,0.2832907920001162
Slow,0,43,12,33,20690943,1,5,OK,-145.0,0.257359666999946,0.2795896249999714,0,,,sensitivity_run,True,False,False,-145.0,0.257359666999946,0,0.2795896249999714
Slow,0,43,12,33,20690943,2,3,OK,-220.0,0.2928642919996491,0.3153942919998371,0,,,sensitivity_run,True,False,False,-220.0,0.2928642919996491,0,0.3153942919998371
Slow,0,43,12,33,20690943,3,3,OK,-270.0,0.7849108749996958,0.8069121250000535,3,,,sensitivity_run,True,False,False,-270.0,0.7849108749996958,3,0.8069121250000535
Slow,0,43,12,34,20690944,1,3,OK,-145.0,0.2679874999994354,0.2925245830010681,1,,,baseline_checkpoint,True,False,False,-145.0,0.2679874999994354,1,0.2925245830010681
Slow,0,43,12,34,20690944,1,4,OK,-145.0,0.8270550839997668,0.8494044580002083,2,,,sensitivity_run,True,False,False,-145.0,0.8270550839997668,2,0.8494044580002083
Slow,0,43,12,34,20690944,1,5,OK,-145.0,1.0671996250002849,1.0889992500005974,2,,,sensitivity_run,True,False,False,-145.0,1.0671996250002849,2,1.0889992500005974
Slow,0,43,12,34,20690944,2,3,OK,-195.0,0.974798875000488,1.023046833999615,3,,,sensitivity_run,True,False,False,-195.0,0.974798875000488,3,1.023046833999615
Slow,0,43,12,34,20690944,3,3,OK,-230.0,0.4315821670006698,0.45377095799995,1,,,sensitivity_run,True,False,False,-230.0,0.4315821670006698,1,0.45377095799995
Slow,0,43,12,35,20690945,1,3,OK,-80.0,1.382336458998907,1.406511707999016,7,,,baseline_checkpoint,True,False,False,-80.0,1.382336458998907,7,1.406511707999016
Slow,0,43,12,35,20690945,1,4,OK,-105.0,0.5380524170004719,0.5599050419996274,1,,,sensitivity_run,True,False,False,-105.0,0.5380524170004719,1,0.5599050419996274
Slow,0,43,12,35,20690945,1,5,OK,-105.0,0.606424333999712,0.6282813749994602,1,,,sensitivity_run,True,False,False,-105.0,0.606424333999712,1,0.6282813749994602
Slow,0,43,12,35,20690945,2,3,OK,-180.0,0.3445503749999261,0.3663387920005334,1,,,sensitivity_run,True,False,False,-180.0,0.3445503749999261,1,0.3663387920005334
Slow,0,43,12,35,20690945,3,3,OK,-245.0,0.7083545409996077,0.73033604200009,2,,,sensitivity_run,True,False,False,-245.0,0.7083545409996077,2,0.73033604200009
Slow,0,43,12,36,20690946,1,3,OK,-80.0,1.247170874998119,1.2714325839988303,3,,,baseline_checkpoint,True,False,False,-80.0,1.247170874998119,3,1.2714325839988303
Slow,0,43,12,36,20690946,1,4,OK,-105.0,0.3441332910006167,0.3656967500000974,1,,,sensitivity_run,True,False,False,-105.0,0.3441332910006167,1,0.3656967500000974
Slow,0,43,12,36,20690946,1,5,OK,-105.0,0.3179082910000943,0.3399942910000391,1,,,sensitivity_run,True,False,False,-105.0,0.3179082910000943,1,0.3399942910000391
Slow,0,43,12,36,20690946,2,3,OK,-180.0,0.1603519999998752,0.1825541250000242,0,,,sensitivity_run,True,False,False,-180.0,0.1603519999998752,0,0.1825541250000242
Slow,0,43,12,36,20690946,3,3,OK,-230.0,0.1553188750003755,0.1767391249995853,0,,,sensitivity_run,True,False,False,-230.0,0.1553188750003755,0,0.1767391249995853
Slow,0,43,12,37,20690947,1,3,OK,-145.0,0.4728291669998725,0.4974373330005619,2,,,baseline_checkpoint,True,False,False,-145.0,0.4728291669998725,2,0.4974373330005619
Slow,0,43,12,37,20690947,1,4,OK,-145.0,0.4822567089995573,0.5041969169997174,2,,,sensitivity_run,True,False,False,-145.0,0.4822567089995573,2,0.5041969169997174
Slow,0,43,12,37,20690947,1,5,OK,-145.0,0.4786251249997804,0.5007178329997259,2,,,sensitivity_run,True,False,False,-145.0,0.4786251249997804,2,0.5007178329997259
Slow,0,43,12,37,20690947,2,3,OK,-195.0,1.1200147919998926,1.142206041999998,3,,,sensitivity_run,True,False,False,-195.0,1.1200147919998926,3,1.142206041999998
Slow,0,43,12,37,20690947,3,3,OK,-255.0,0.4667345830002887,0.4884332920000815,2,,,sensitivity_run,True,False,False,-255.0,0.4667345830002887,2,0.4884332920000815
Slow,0,43,12,38,20690948,1,3,OK,-145.0,0.154921875000582,0.1792002090005553,0,,,baseline_checkpoint,True,False,False,-145.0,0.154921875000582,0,0.1792002090005553
Slow,0,43,12,38,20690948,1,4,OK,-145.0,0.1578694590007217,0.1796878340001058,0,,,sensitivity_run,True,False,False,-145.0,0.1578694590007217,0,0.1796878340001058
Slow,0,43,12,38,20690948,1,5,OK,-145.0,0.1586199579996901,0.1805348329999105,0,,,sensitivity_run,True,False,False,-145.0,0.1586199579996901,0,0.1805348329999105
Slow,0,43,12,38,20690948,2,3,OK,-210.0,0.4658504170001833,0.488543125000433,2,,,sensitivity_run,True,False,False,-210.0,0.4658504170001833,2,0.488543125000433
Slow,0,43,12,38,20690948,3,3,OK,-270.0,0.18707166600052,0.2089330420003534,0,,,sensitivity_run,True,False,False,-270.0,0.18707166600052,0,0.2089330420003534
Slow,0,43,12,39,20690949,1,3,OK,-105.0,0.3378497499979858,0.362236250002752,1,,,baseline_checkpoint,True,False,False,-105.0,0.3378497499979858,1,0.362236250002752
Slow,0,43,12,39,20690949,1,4,OK,-105.0,0.357740792000186,0.3794700839998768,1,,,sensitivity_run,True,False,False,-105.0,0.357740792000186,1,0.3794700839998768
Slow,0,43,12,39,20690949,1,5,OK,-105.0,0.370688875000269,0.3925809170004868,1,,,sensitivity_run,True,False,False,-105.0,0.370688875000269,1,0.3925809170004868
Slow,0,43,12,39,20690949,2,3,OK,-155.0,0.4206585830006588,0.4433305420006945,2,,,sensitivity_run,True,False,False,-155.0,0.4206585830006588,2,0.4433305420006945
Slow,0,43,12,39,20690949,3,3,OK,-205.0,0.5453251660001115,0.5667148749998887,2,,,sensitivity_run,True,False,False,-205.0,0.5453251660001115,2,0.5667148749998887
Slow,0,43,12,40,20690950,1,3,OK,-120.0,0.2820278750004945,0.3065322500006004,1,,,baseline_checkpoint,True,False,False,-120.0,0.2820278750004945,1,0.3065322500006004
Slow,0,43,12,40,20690950,1,4,OK,-120.0,0.4935004170001775,0.5153136669996456,3,,,sensitivity_run,True,False,False,-120.0,0.4935004170001775,3,0.5153136669996456
Slow,0,43,12,40,20690950,1,5,OK,-120.0,1.3637199579998196,1.3864127090000693,4,,,sensitivity_run,True,False,False,-120.0,1.3637199579998196,4,1.3864127090000693
Slow,0,43,12,40,20690950,2,3,OK,-170.0,1.015738957999929,1.037922958999843,5,,,sensitivity_run,True,False,False,-170.0,1.015738957999929,5,1.037922958999843
Slow,0,43,12,40,20690950,3,3,OK,-205.0,0.2403134579999459,0.2877155830001356,0,,,sensitivity_run,True,False,False,-205.0,0.2403134579999459,0,0.2877155830001356
Slow,0,43,12,41,20690951,1,3,OK,-105.0,0.4720764589983446,0.4965216250020603,4,,,baseline_checkpoint,True,False,False,-105.0,0.4720764589983446,4,0.4965216250020603
Slow,0,43,12,41,20690951,1,4,OK,-105.0,0.8272205839994058,0.8490903749998324,3,,,sensitivity_run,True,False,False,-105.0,0.8272205839994058,3,0.8490903749998324
Slow,0,43,12,41,20690951,1,5,OK,-105.0,1.4779909170001702,1.49961012499989,3,,,sensitivity_run,True,False,False,-105.0,1.4779909170001702,3,1.49961012499989
Slow,0,43,12,41,20690951,2,3,OK,-155.0,0.2346326249999037,0.2571878749995449,0,,,sensitivity_run,True,False,False,-155.0,0.2346326249999037,0,0.2571878749995449
Slow,0,43,12,41,20690951,3,3,OK,-190.0,0.4056877080001868,0.4275972079994972,1,,,sensitivity_run,True,False,False,-190.0,0.4056877080001868,1,0.4275972079994972
Slow,0,43,12,42,20690952,1,3,OK,-145.0,0.479898958998092,0.5040453340006934,2,,,baseline_checkpoint,True,False,False,-145.0,0.479898958998092,2,0.5040453340006934
Slow,0,43,12,42,20690952,1,4,OK,-145.0,0.479045541999767,0.5008415419997618,2,,,sensitivity_run,True,False,False,-145.0,0.479045541999767,2,0.5008415419997618
Slow,0,43,12,42,20690952,1,5,OK,-145.0,0.4813532089992804,0.503398500000003,2,,,sensitivity_run,True,False,False,-145.0,0.4813532089992804,2,0.503398500000003
Slow,0,43,12,42,20690952,2,3,OK,-235.0,0.1589403329999186,0.1812912920004237,0,,,sensitivity_run,True,False,False,-235.0,0.1589403329999186,0,0.1812912920004237
Slow,0,43,12,42,20690952,3,3,OK,-270.0,0.1741030410003077,0.1965945000001738,0,,,sensitivity_run,True,False,False,-270.0,0.1741030410003077,0,0.1965945000001738
Slow,0,43,12,43,20690953,1,3,OK,-105.0,1.626825708000979,1.6514676249971671,4,,,baseline_checkpoint,True,False,False,-105.0,1.626825708000979,4,1.6514676249971671
Slow,0,43,12,43,20690953,1,4,OK,-105.0,0.9983874589997868,1.0201902919998247,2,,,sensitivity_run,True,False,False,-105.0,0.9983874589997868,2,1.0201902919998247
Slow,0,43,12,43,20690953,1,5,OK,-105.0,1.6139600420001443,1.6357221250000291,4,,,sensitivity_run,True,False,False,-105.0,1.6139600420001443,4,1.6357221250000291
Slow,0,43,12,43,20690953,2,3,OK,-195.0,0.2911327080000774,0.3129955409995091,1,,,sensitivity_run,True,False,False,-195.0,0.2911327080000774,1,0.3129955409995091
Slow,0,43,12,43,20690953,3,3,OK,-230.0,0.6945636249993186,0.7162466670006324,1,,,sensitivity_run,True,False,False,-230.0,0.6945636249993186,1,0.7162466670006324
Slow,0,43,12,44,20690954,1,3,OK,125.0,0.1574657080018369,0.1817665000016859,0,,,baseline_checkpoint,True,False,False,125.0,0.1574657080018369,0,0.1817665000016859
Slow,0,43,12,44,20690954,1,4,OK,-65.0,0.5023547079999844,0.5240577499998835,2,,,sensitivity_run,True,False,False,-65.0,0.5023547079999844,2,0.5240577499998835
Slow,0,43,12,44,20690954,1,5,OK,-65.0,0.3163391670004785,0.3380537499997444,0,,,sensitivity_run,True,False,False,-65.0,0.3163391670004785,0,0.3380537499997444
Slow,0,43,12,44,20690954,2,3,OK,-25.0,0.3673732090001067,0.3902517919996171,1,,,sensitivity_run,True,False,False,-25.0,0.3673732090001067,1,0.3902517919996171
Slow,0,43,12,44,20690954,3,3,OK,-175.0,0.3170729160001428,0.3388933330006694,2,,,sensitivity_run,True,False,False,-175.0,0.3170729160001428,2,0.3388933330006694
Slow,0,43,12,45,20690955,1,3,OK,-145.0,0.5041045830002986,0.528553499996633,2,,,baseline_checkpoint,True,False,False,-145.0,0.5041045830002986,2,0.528553499996633
Slow,0,43,12,45,20690955,1,4,OK,-145.0,0.5128428749994782,0.5347273340003085,2,,,sensitivity_run,True,False,False,-145.0,0.5128428749994782,2,0.5347273340003085
Slow,0,43,12,45,20690955,1,5,OK,-145.0,0.5158402499992008,0.5379504580005232,2,,,sensitivity_run,True,False,False,-145.0,0.5158402499992008,2,0.5379504580005232
Slow,0,43,12,45,20690955,2,3,OK,-195.0,1.0922689170001831,1.1477724160004072,3,,,sensitivity_run,True,False,False,-195.0,1.0922689170001831,3,1.1477724160004072
Slow,0,43,12,45,20690955,3,3,OK,-230.0,0.3427141250003842,0.3646252919998005,0,,,sensitivity_run,True,False,False,-230.0,0.3427141250003842,0,0.3646252919998005
Slow,0,43,12,46,20690956,1,3,OK,-145.0,0.242003499999555,0.3045530409981438,0,,,baseline_checkpoint,True,False,False,-145.0,0.242003499999555,0,0.3045530409981438
Slow,0,43,12,46,20690956,1,4,OK,-145.0,0.2204439170000114,0.2421165839996319,0,,,sensitivity_run,True,False,False,-145.0,0.2204439170000114,0,0.2421165839996319
Slow,0,43,12,46,20690956,1,5,OK,-145.0,0.2435133749995657,0.2653346249999231,0,,,sensitivity_run,True,False,False,-145.0,0.2435133749995657,0,0.2653346249999231
Slow,0,43,12,46,20690956,2,3,OK,-235.0,0.1335764999994353,0.1558336670004791,0,,,sensitivity_run,True,False,False,-235.0,0.1335764999994353,0,0.1558336670004791
Slow,0,43,12,46,20690956,3,3,OK,-260.0,0.1310191669999767,0.1528472909994889,0,,,sensitivity_run,True,False,False,-260.0,0.1310191669999767,0,0.1528472909994889
Slow,0,43,12,47,20690957,1,3,OK,-80.0,0.3067406249974738,0.3311590420016728,0,,,baseline_checkpoint,True,False,False,-80.0,0.3067406249974738,0,0.3311590420016728
Slow,0,43,12,47,20690957,1,4,OK,-105.0,0.1878299590007373,0.2099331660001553,0,,,sensitivity_run,True,False,False,-105.0,0.1878299590007373,0,0.2099331660001553
Slow,0,43,12,47,20690957,1,5,OK,-105.0,0.1858920000004218,0.2079234170005293,0,,,sensitivity_run,True,False,False,-105.0,0.1858920000004218,0,0.2079234170005293
Slow,0,43,12,47,20690957,2,3,OK,-155.0,0.290696415999264,0.3132187920000433,0,,,sensitivity_run,True,False,False,-155.0,0.290696415999264,0,0.3132187920000433
Slow,0,43,12,47,20690957,3,3,OK,-205.0,1.0677982500001235,1.0896790420001707,2,,,sensitivity_run,True,False,False,-205.0,1.0677982500001235,2,1.0896790420001707
Slow,0,43,12,48,20690958,1,3,OK,150.0,1.1034658749995288,1.1274345409983653,7,,,baseline_checkpoint,True,False,False,150.0,1.1034658749995288,7,1.1274345409983653
Slow,0,43,12,48,20690958,1,4,OK,-40.0,0.1974730840001939,0.2198417500003415,0,,,sensitivity_run,True,False,False,-40.0,0.1974730840001939,0,0.2198417500003415
Slow,0,43,12,48,20690958,1,5,OK,-80.0,0.3196115000000645,0.3412535410006967,1,,,sensitivity_run,True,False,False,-80.0,0.3196115000000645,1,0.3412535410006967
Slow,0,43,12,48,20690958,2,3,OK,-15.0,0.9782736250008384,1.000742000000173,5,,,sensitivity_run,True,False,False,-15.0,0.9782736250008384,5,1.000742000000173
Slow,0,43,12,48,20690958,3,3,OK,-165.0,0.8029082919993016,0.8363883749998422,6,,,sensitivity_run,True,False,False,-165.0,0.8029082919993016,6,0.8363883749998422
Slow,0,43,12,49,20690959,1,3,OK,-145.0,0.1444707919981738,0.1693721250012458,0,,,baseline_checkpoint,True,False,False,-145.0,0.1444707919981738,0,0.1693721250012458
Slow,0,43,12,49,20690959,1,4,OK,-145.0,0.1443312500005049,0.1666278330003479,0,,,sensitivity_run,True,False,False,-145.0,0.1443312500005049,0,0.1666278330003479
Slow,0,43,12,49,20690959,1,5,OK,-145.0,0.1468067499999961,0.1686827499997889,0,,,sensitivity_run,True,False,False,-145.0,0.1468067499999961,0,0.1686827499997889
Slow,0,43,12,49,20690959,2,3,OK,-195.0,0.2848265419997915,0.3071482919995105,0,,,sensitivity_run,True,False,False,-195.0,0.2848265419997915,0,0.3071482919995105
Slow,0,43,12,49,20690959,3,3,OK,-245.0,0.3144301249994896,0.3364216669997404,1,,,sensitivity_run,True,False,False,-245.0,0.3144301249994896,1,0.3364216669997404
Slow,0,43,12,50,20690960,1,3,OK,-105.0,0.6765265419999196,0.7008162919992174,4,,,baseline_checkpoint,True,False,False,-105.0,0.6765265419999196,4,0.7008162919992174
Slow,0,43,12,50,20690960,1,4,OK,-105.0,0.8095752910003284,0.8313369590005095,4,,,sensitivity_run,True,False,False,-105.0,0.8095752910003284,4,0.8313369590005095
Slow,0,43,12,50,20690960,1,5,OK,-105.0,0.698771416999989,0.7214271670000016,4,,,sensitivity_run,True,False,False,-105.0,0.698771416999989,4,0.7214271670000016
Slow,0,43,12,50,20690960,2,3,OK,-155.0,0.7003030420000869,0.722533334000218,4,,,sensitivity_run,True,False,False,-155.0,0.7003030420000869,4,0.722533334000218
Slow,0,43,12,50,20690960,3,3,OK,-190.0,0.1705684160006058,0.1926704999996218,0,,,sensitivity_run,True,False,False,-190.0,0.1705684160006058,0,0.1926704999996218
Slow,0,43,12,51,20690961,1,3,OK,-145.0,0.1196008339975378,0.1442847090002033,0,,,baseline_checkpoint,True,False,False,-145.0,0.1196008339975378,0,0.1442847090002033
Slow,0,43,12,51,20690961,1,4,OK,-145.0,0.1227797910005392,0.1446929590001673,0,,,sensitivity_run,True,False,False,-145.0,0.1227797910005392,0,0.1446929590001673
Slow,0,43,12,51,20690961,1,5,OK,-145.0,0.1199959999994462,0.1418963749993054,0,,,sensitivity_run,True,False,False,-145.0,0.1199959999994462,0,0.1418963749993054
Slow,0,43,12,51,20690961,2,3,OK,-195.0,0.2385621249995893,0.2604649169998083,1,,,sensitivity_run,True,False,False,-195.0,0.2385621249995893,1,0.2604649169998083
Slow,0,43,12,51,20690961,3,3,OK,-230.0,0.5691438750000088,0.5910570000005464,1,,,sensitivity_run,True,False,False,-230.0,0.5691438750000088,1,0.5910570000005464
Slow,0,43,12,52,20690962,1,3,OK,-105.0,0.7853902919996472,0.8100414589971479,3,,,baseline_checkpoint,True,False,False,-105.0,0.7853902919996472,3,0.8100414589971479
Slow,0,43,12,52,20690962,1,4,OK,-105.0,0.5547151250002571,0.5767936250003913,2,,,sensitivity_run,True,False,False,-105.0,0.5547151250002571,2,0.5767936250003913
Slow,0,43,12,52,20690962,1,5,OK,-105.0,0.5901675420000174,0.6122438749998764,2,,,sensitivity_run,True,False,False,-105.0,0.5901675420000174,2,0.6122438749998764
Slow,0,43,12,52,20690962,2,3,OK,-180.0,0.1839923750003436,0.2064464160002899,0,,,sensitivity_run,True,False,False,-180.0,0.1839923750003436,0,0.2064464160002899
Slow,0,43,12,52,20690962,3,3,OK,-215.0,0.3694927920005284,0.3912470000004759,1,,,sensitivity_run,True,False,False,-215.0,0.3694927920005284,1,0.3912470000004759
Slow,0,43,12,53,20690963,1,3,OK,35.0,0.1717668330020387,0.196030666000297,0,,,baseline_checkpoint,True,False,False,35.0,0.1717668330020387,0,0.196030666000297
Slow,0,43,12,53,20690963,1,4,OK,-65.0,0.5260699159998694,0.5479692499993689,2,,,sensitivity_run,True,False,False,-65.0,0.5260699159998694,2,0.5479692499993689
Slow,0,43,12,53,20690963,1,5,OK,-65.0,1.8268968749998749,1.849122499999794,5,,,sensitivity_run,True,False,False,-65.0,1.8268968749998749,5,1.849122499999794
Slow,0,43,12,53,20690963,2,3,OK,-130.0,0.1750705419999576,0.1969846250003684,0,,,sensitivity_run,True,False,False,-130.0,0.1750705419999576,0,0.1969846250003684
Slow,0,43,12,53,20690963,3,3,OK,-180.0,0.6733880840001802,0.6954597080002713,1,,,sensitivity_run,True,False,False,-180.0,0.6733880840001802,1,0.6954597080002713
Slow,0,43,12,54,20690964,1,3,OK,-80.0,0.3182790409991867,0.3424544160006917,1,,,baseline_checkpoint,True,False,False,-80.0,0.3182790409991867,1,0.3424544160006917
Slow,0,43,12,54,20690964,1,4,OK,-105.0,0.6702444580005249,0.6920507499999076,4,,,sensitivity_run,True,False,False,-105.0,0.6702444580005249,4,0.6920507499999076
Slow,0,43,12,54,20690964,1,5,OK,-105.0,0.6448104159999275,0.6668917090000832,4,,,sensitivity_run,True,False,False,-105.0,0.6448104159999275,4,0.6668917090000832
Slow,0,43,12,54,20690964,2,3,OK,-170.0,0.1595670420001624,0.1820929169998635,0,,,sensitivity_run,True,False,False,-170.0,0.1595670420001624,0,0.1820929169998635
Slow,0,43,12,54,20690964,3,3,OK,-215.0,0.2766501249998327,0.2986154579994036,0,,,sensitivity_run,True,False,False,-215.0,0.2766501249998327,0,0.2986154579994036
Slow,0,43,12,55,20690965,1,3,OK,-65.0,0.3880617499999061,0.4127543340000557,0,,,baseline_checkpoint,True,False,False,-65.0,0.3880617499999061,0,0.4127543340000557
Slow,0,43,12,55,20690965,1,4,OK,-80.0,0.1514870419996441,0.1736203340005886,0,,,sensitivity_run,True,False,False,-80.0,0.1514870419996441,0,0.1736203340005886
Slow,0,43,12,55,20690965,1,5,OK,-80.0,0.1457597910002732,0.1676757089999228,0,,,sensitivity_run,True,False,False,-80.0,0.1457597910002732,0,0.1676757089999228
Slow,0,43,12,55,20690965,2,3,OK,-130.0,0.4683163330000752,0.4901891250001426,1,,,sensitivity_run,True,False,False,-130.0,0.4683163330000752,1,0.4901891250001426
Slow,0,43,12,55,20690965,3,3,OK,-165.0,0.4842309580008077,0.506089417000112,2,,,sensitivity_run,True,False,False,-165.0,0.4842309580008077,2,0.506089417000112
Slow,0,43,12,56,20690966,1,3,OK,-80.0,0.2902472079986182,0.3142158750015369,0,,,baseline_checkpoint,True,False,False,-80.0,0.2902472079986182,0,0.3142158750015369
Slow,0,43,12,56,20690966,1,4,OK,-105.0,0.3691872079998575,0.3910152500002368,1,,,sensitivity_run,True,False,False,-105.0,0.3691872079998575,1,0.3910152500002368
Slow,0,43,12,56,20690966,1,5,OK,-105.0,0.3739632920005533,0.4259776250000868,1,,,sensitivity_run,True,False,False,-105.0,0.3739632920005533,1,0.4259776250000868
Slow,0,43,12,56,20690966,2,3,OK,-180.0,0.1833002919993305,0.2055411250003089,0,,,sensitivity_run,True,False,False,-180.0,0.1833002919993305,0,0.2055411250003089
Slow,0,43,12,56,20690966,3,3,OK,-215.0,0.204504165999424,0.226469291000285,0,,,sensitivity_run,True,False,False,-215.0,0.204504165999424,0,0.226469291000285
Slow,0,43,12,57,20690967,1,3,OK,50.0,0.1800386249997245,0.2041197919970727,0,,,baseline_checkpoint,True,False,False,50.0,0.1800386249997245,0,0.2041197919970727
Slow,0,43,12,57,20690967,1,4,OK,-65.0,0.1818106670007182,0.2036375419993419,0,,,sensitivity_run,True,False,False,-65.0,0.1818106670007182,0,0.2036375419993419
Slow,0,43,12,57,20690967,1,5,OK,-80.0,0.3035427499999059,0.3250957499994911,0,,,sensitivity_run,True,False,False,-80.0,0.3035427499999059,0,0.3250957499994911
Slow,0,43,12,57,20690967,2,3,OK,-115.0,0.183858749999672,0.2060727499992936,0,,,sensitivity_run,True,False,False,-115.0,0.183858749999672,0,0.2060727499992936
Slow,0,43,12,57,20690967,3,3,OK,-190.0,0.1833721659995717,0.2172661249996963,0,,,sensitivity_run,True,False,False,-190.0,0.1833721659995717,0,0.2172661249996963
Slow,0,43,12,58,20690968,1,3,OK,-105.0,0.4358009589996072,0.4605060419999063,1,,,baseline_checkpoint,True,False,False,-105.0,0.4358009589996072,1,0.4605060419999063
Slow,0,43,12,58,20690968,1,4,OK,-105.0,0.9304418749998148,0.9524727500001972,2,,,sensitivity_run,True,False,False,-105.0,0.9304418749998148,2,0.9524727500001972
Slow,0,43,12,58,20690968,1,5,OK,-105.0,0.6171481669998684,0.6393916249999165,1,,,sensitivity_run,True,False,False,-105.0,0.6171481669998684,1,0.6393916249999165
Slow,0,43,12,58,20690968,2,3,OK,-180.0,1.07048229099928,1.092757542000072,3,,,sensitivity_run,True,False,False,-180.0,1.07048229099928,3,1.092757542000072
Slow,0,43,12,58,20690968,3,3,OK,-230.0,0.3987081659997784,0.4205306249996283,1,,,sensitivity_run,True,False,False,-230.0,0.3987081659997784,1,0.4205306249996283
Slow,0,43,12,59,20690969,1,3,OK,-80.0,0.3176648340013344,0.3416995000006864,1,,,baseline_checkpoint,True,False,False,-80.0,0.3176648340013344,1,0.3416995000006864
Slow,0,43,12,59,20690969,1,4,OK,-80.0,0.2013360840001041,0.2236339999999472,0,,,sensitivity_run,True,False,False,-80.0,0.2013360840001041,0,0.2236339999999472
Slow,0,43,12,59,20690969,1,5,OK,-80.0,0.5860826660000384,0.6078121250002368,1,,,sensitivity_run,True,False,False,-80.0,0.5860826660000384,1,0.6078121250002368
Slow,0,43,12,59,20690969,2,3,OK,-155.0,0.3187329590000445,0.3407722920001106,1,,,sensitivity_run,True,False,False,-155.0,0.3187329590000445,1,0.3407722920001106
Slow,0,43,12,59,20690969,3,3,OK,-205.0,0.3376477909996538,0.359593417000724,1,,,sensitivity_run,True,False,False,-205.0,0.3376477909996538,1,0.359593417000724
Slow,0,43,12,60,20690970,1,3,OK,-105.0,0.6119567499990808,0.6370087499999499,2,,,baseline_checkpoint,True,False,False,-105.0,0.6119567499990808,2,0.6370087499999499
Slow,0,43,12,60,20690970,1,4,OK,-105.0,0.7516415000000052,0.7735522500006482,3,,,sensitivity_run,True,False,False,-105.0,0.7516415000000052,3,0.7735522500006482
Slow,0,43,12,60,20690970,1,5,OK,-105.0,0.7537953340006425,0.7760785410000608,3,,,sensitivity_run,True,False,False,-105.0,0.7537953340006425,3,0.7760785410000608
Slow,0,43,12,60,20690970,2,3,OK,-155.0,0.6421030419996896,0.6644019579998712,2,,,sensitivity_run,True,False,False,-155.0,0.6421030419996896,2,0.6644019579998712
Slow,0,43,12,60,20690970,3,3,OK,-215.0,0.1848145829999339,0.2073730410002099,0,,,sensitivity_run,True,False,False,-215.0,0.1848145829999339,0,0.2073730410002099
Slow,0,43,12,61,20690971,1,3,OK,-80.0,0.367940832999011,0.39274362499782,1,,,baseline_checkpoint,True,False,False,-80.0,0.367940832999011,1,0.39274362499782
Slow,0,43,12,61,20690971,1,4,OK,-105.0,0.4960678340003142,0.5180400830004146,1,,,sensitivity_run,True,False,False,-105.0,0.4960678340003142,1,0.5180400830004146
Slow,0,43,12,61,20690971,1,5,OK,-105.0,0.2572365830001217,0.2795774169999276,0,,,sensitivity_run,True,False,False,-105.0,0.2572365830001217,0,0.2795774169999276
Slow,0,43,12,61,20690971,2,3,OK,-155.0,0.1856351669994183,0.2081310830008078,0,,,sensitivity_run,True,False,False,-155.0,0.1856351669994183,0,0.2081310830008078
Slow,0,43,12,61,20690971,3,3,OK,-190.0,0.2618141250004555,0.2836851249994652,0,,,sensitivity_run,True,False,False,-190.0,0.2618141250004555,0,0.2836851249994652
Slow,0,43,12,62,20690972,1,3,OK,-145.0,0.6401191249969997,0.6645663750023232,3,,,baseline_checkpoint,True,False,False,-145.0,0.6401191249969997,3,0.6645663750023232
Slow,0,43,12,62,20690972,1,4,OK,-145.0,0.9642094999999244,0.9862689159999718,4,,,sensitivity_run,True,False,False,-145.0,0.9642094999999244,4,0.9862689159999718
Slow,0,43,12,62,20690972,1,5,OK,-145.0,1.5174729170003047,1.539659125000071,6,,,sensitivity_run,True,False,False,-145.0,1.5174729170003047,6,1.539659125000071
Slow,0,43,12,62,20690972,2,3,OK,-195.0,0.2949239159997887,0.317389333000392,1,,,sensitivity_run,True,False,False,-195.0,0.2949239159997887,1,0.317389333000392
Slow,0,43,12,62,20690972,3,3,OK,-195.0,0.3233635000005961,0.3450845000006666,1,,,sensitivity_run,True,False,False,-195.0,0.3233635000005961,1,0.3450845000006666
Slow,0,43,12,63,20690973,1,3,OK,-120.0,1.1898370410017378,1.2139650839999376,4,,,baseline_checkpoint,True,False,False,-120.0,1.1898370410017378,4,1.2139650839999376
Slow,0,43,12,63,20690973,1,4,OK,-120.0,0.2671686249996128,0.2891591249999692,0,,,sensitivity_run,True,False,False,-120.0,0.2671686249996128,0,0.2891591249999692
Slow,0,43,12,63,20690973,1,5,OK,-120.0,0.7425475420004659,0.7644601669999247,2,,,sensitivity_run,True,False,False,-120.0,0.7425475420004659,2,0.7644601669999247
Slow,0,43,12,63,20690973,2,3,OK,-210.0,0.1499002079999627,0.1721596670004146,0,,,sensitivity_run,True,False,False,-210.0,0.1499002079999627,0,0.1721596670004146
Slow,0,43,12,63,20690973,3,3,OK,-245.0,0.2509800830002859,0.2726362499997776,0,,,sensitivity_run,True,False,False,-245.0,0.2509800830002859,0,0.2726362499997776
Slow,0,43,12,64,20690974,1,3,OK,-25.0,0.26226266699814,0.2868449580018932,1,,,baseline_checkpoint,True,False,False,-25.0,0.26226266699814,1,0.2868449580018932
Slow,0,43,12,64,20690974,1,4,OK,-65.0,0.8905308749999676,0.9119945830007056,3,,,sensitivity_run,True,False,False,-65.0,0.8905308749999676,3,0.9119945830007056
Slow,0,43,12,64,20690974,1,5,OK,-80.0,0.5700470420006241,0.5921910830002162,1,,,sensitivity_run,True,False,False,-80.0,0.5700470420006241,1,0.5921910830002162
Slow,0,43,12,64,20690974,2,3,OK,-140.0,0.2617299590001494,0.2839262919997054,0,,,sensitivity_run,True,False,False,-140.0,0.2617299590001494,0,0.2839262919997054
Slow,0,43,12,64,20690974,3,3,OK,-205.0,0.4751848750001954,0.4972202500002822,2,,,sensitivity_run,True,False,False,-205.0,0.4751848750001954,2,0.4972202500002822
Slow,0,43,12,65,20690975,1,3,OK,-160.0,0.3881459590011218,0.4127130829983798,1,,,baseline_checkpoint,True,False,False,-160.0,0.3881459590011218,1,0.4127130829983798
Slow,0,43,12,65,20690975,1,4,OK,-160.0,0.3719818339995981,0.4062671249994309,1,,,sensitivity_run,True,False,False,-160.0,0.3719818339995981,1,0.4062671249994309
Slow,0,43,12,65,20690975,1,5,OK,-160.0,0.3753646249997473,0.398192999999992,1,,,sensitivity_run,True,False,False,-160.0,0.3753646249997473,1,0.398192999999992
Slow,0,43,12,65,20690975,2,3,OK,-220.0,0.4177711669999553,0.4399878750000425,0,,,sensitivity_run,True,False,False,-220.0,0.4177711669999553,0,0.4399878750000425
Slow,0,43,12,65,20690975,3,3,OK,-270.0,0.2216232079999827,0.2433934589998898,0,,,sensitivity_run,True,False,False,-270.0,0.2216232079999827,0,0.2433934589998898
Slow,0,43,12,66,20690976,1,3,OK,-145.0,0.3714684579972527,0.3959286249992146,1,,,baseline_checkpoint,True,False,False,-145.0,0.3714684579972527,1,0.3959286249992146
Slow,0,43,12,66,20690976,1,4,OK,-145.0,0.408735875000275,0.4309325000003809,1,,,sensitivity_run,True,False,False,-145.0,0.408735875000275,1,0.4309325000003809
Slow,0,43,12,66,20690976,1,5,OK,-145.0,0.3737233749998268,0.3954453329997704,1,,,sensitivity_run,True,False,False,-145.0,0.3737233749998268,1,0.3954453329997704
Slow,0,43,12,66,20690976,2,3,OK,-195.0,0.1837672499996188,0.2061221250005473,0,,,sensitivity_run,True,False,False,-195.0,0.1837672499996188,0,0.2061221250005473
Slow,0,43,12,66,20690976,3,3,OK,-230.0,0.3672507909996056,0.3891812499996376,1,,,sensitivity_run,True,False,False,-230.0,0.3672507909996056,1,0.3891812499996376
Slow,0,43,12,67,20690977,1,3,OK,-120.0,0.2530772500031162,0.2774487079987011,0,,,baseline_checkpoint,True,False,False,-120.0,0.2530772500031162,0,0.2774487079987011
Slow,0,43,12,67,20690977,1,4,OK,-120.0,0.2395981250001568,0.2617550840004696,0,,,sensitivity_run,True,False,False,-120.0,0.2395981250001568,0,0.2617550840004696
Slow,0,43,12,67,20690977,1,5,OK,-120.0,0.2700565840004856,0.2923034999994343,0,,,sensitivity_run,True,False,False,-120.0,0.2700565840004856,0,0.2923034999994343
Slow,0,43,12,67,20690977,2,3,OK,-155.0,0.2872690829999555,0.3101674589997856,0,,,sensitivity_run,True,False,False,-155.0,0.2872690829999555,0,0.3101674589997856
Slow,0,43,12,67,20690977,3,3,OK,-155.0,0.287799208999786,0.309424833999401,0,,,sensitivity_run,True,False,False,-155.0,0.287799208999786,0,0.309424833999401
Slow,0,43,12,68,20690978,1,3,OK,50.0,0.1324569580028765,0.156916292002279,0,,,baseline_checkpoint,True,False,False,50.0,0.1324569580028765,0,0.156916292002279
Slow,0,43,12,68,20690978,1,4,OK,-65.0,0.1616846249999071,0.1839937499998996,0,,,sensitivity_run,True,False,False,-65.0,0.1616846249999071,0,0.1839937499998996
Slow,0,43,12,68,20690978,1,5,OK,-80.0,0.2690568329999223,0.2909749170003124,2,,,sensitivity_run,True,False,False,-80.0,0.2690568329999223,2,0.2909749170003124
Slow,0,43,12,68,20690978,2,3,OK,-100.0,2.485237750000124,2.5078149169994504,13,,,sensitivity_run,True,False,False,-100.0,2.485237750000124,13,2.5078149169994504
Slow,0,43,12,68,20690978,3,3,OK,-190.0,0.4539962919998288,0.4763240829997812,1,,,sensitivity_run,True,False,False,-190.0,0.4539962919998288,1,0.4763240829997812
Slow,0,43,12,69,20690979,1,3,OK,-120.0,0.1375277920014923,0.1619686250014638,0,,,baseline_checkpoint,True,False,False,-120.0,0.1375277920014923,0,0.1619686250014638
Slow,0,43,12,69,20690979,1,4,OK,-120.0,1.0534256250002727,1.0754107080001631,3,,,sensitivity_run,True,False,False,-120.0,1.0534256250002727,3,1.0754107080001631
Slow,0,43,12,69,20690979,1,5,OK,-120.0,1.674245500000325,1.6964647089998834,5,,,sensitivity_run,True,False,False,-120.0,1.674245500000325,5,1.6964647089998834
Slow,0,43,12,69,20690979,2,3,OK,-195.0,0.1341563750002024,0.1568027080002139,0,,,sensitivity_run,True,False,False,-195.0,0.1341563750002024,0,0.1568027080002139
Slow,0,43,12,69,20690979,3,3,OK,-230.0,0.2806314170002224,0.3034101670000382,0,,,sensitivity_run,True,False,False,-230.0,0.2806314170002224,0,0.3034101670000382
Slow,0,43,12,70,20690980,1,3,OK,-145.0,0.1459238749994256,0.1705838749985559,0,,,baseline_checkpoint,True,False,False,-145.0,0.1459238749994256,0,0.1705838749985559
Slow,0,43,12,70,20690980,1,4,OK,-145.0,0.1465054999998756,0.1683477089991356,0,,,sensitivity_run,True,False,False,-145.0,0.1465054999998756,0,0.1683477089991356
Slow,0,43,12,70,20690980,1,5,OK,-145.0,0.1478695839996362,0.1699742920000062,0,,,sensitivity_run,True,False,False,-145.0,0.1478695839996362,0,0.1699742920000062
Slow,0,43,12,70,20690980,2,3,OK,-235.0,0.1499528340000324,0.1725235410003733,0,,,sensitivity_run,True,False,False,-235.0,0.1499528340000324,0,0.1725235410003733
Slow,0,43,12,70,20690980,3,3,OK,-270.0,0.1834957909995864,0.2053333339999881,0,,,sensitivity_run,True,False,False,-270.0,0.1834957909995864,0,0.2053333339999881
Slow,0,43,12,71,20690981,1,3,OK,-80.0,0.1728791250025096,0.1972238329981337,0,,,baseline_checkpoint,True,False,False,-80.0,0.1728791250025096,0,0.1972238329981337
Slow,0,43,12,71,20690981,1,4,OK,-80.0,0.3299840409999888,0.3520237499997165,1,,,sensitivity_run,True,False,False,-80.0,0.3299840409999888,1,0.3520237499997165
Slow,0,43,12,71,20690981,1,5,OK,-80.0,0.8248080829998798,0.8468239590001758,5,,,sensitivity_run,True,False,False,-80.0,0.8248080829998798,5,0.8468239590001758
Slow,0,43,12,71,20690981,2,3,OK,-180.0,0.1884097920001295,0.2106117499997708,0,,,sensitivity_run,True,False,False,-180.0,0.1884097920001295,0,0.2106117499997708
Slow,0,43,12,71,20690981,3,3,OK,-230.0,0.2141472920002343,0.2359879590003402,0,,,sensitivity_run,True,False,False,-230.0,0.2141472920002343,0,0.2359879590003402
Slow,0,43,12,72,20690982,1,3,OK,-145.0,0.9632035419999738,0.9873808329975872,5,,,baseline_checkpoint,True,False,False,-145.0,0.9632035419999738,5,0.9873808329975872
Slow,0,43,12,72,20690982,1,4,OK,-145.0,0.985831333000533,1.0075336249992688,5,,,sensitivity_run,True,False,False,-145.0,0.985831333000533,5,1.0075336249992688
Slow,0,43,12,72,20690982,1,5,OK,-145.0,1.0565872919996764,1.0785883749995264,5,,,sensitivity_run,True,False,False,-145.0,1.0565872919996764,5,1.0785883749995264
Slow,0,43,12,72,20690982,2,3,OK,-220.0,0.1460222920004525,0.1681816250002157,0,,,sensitivity_run,True,False,False,-220.0,0.1460222920004525,0,0.1681816250002157
Slow,0,43,12,72,20690982,3,3,OK,-255.0,0.1456727499999033,0.1679106669998873,0,,,sensitivity_run,True,False,False,-255.0,0.1456727499999033,0,0.1679106669998873
Slow,0,43,12,73,20690983,1,3,OK,-145.0,0.6306751249976514,0.6552148329974443,3,,,baseline_checkpoint,True,False,False,-145.0,0.6306751249976514,3,0.6552148329974443
Slow,0,43,12,73,20690983,1,4,OK,-145.0,0.6465296670003227,0.668193292000069,3,,,sensitivity_run,True,False,False,-145.0,0.6465296670003227,3,0.668193292000069
Slow,0,43,12,73,20690983,1,5,OK,-145.0,0.6664116250003644,0.6888976250002088,3,,,sensitivity_run,True,False,False,-145.0,0.6664116250003644,3,0.6888976250002088
Slow,0,43,12,73,20690983,2,3,OK,-195.0,0.3480202909995569,0.3705923329998768,0,,,sensitivity_run,True,False,False,-195.0,0.3480202909995569,0,0.3705923329998768
Slow,0,43,12,73,20690983,3,3,OK,-255.0,0.3227487079993807,0.3444792079999388,1,,,sensitivity_run,True,False,False,-255.0,0.3227487079993807,1,0.3444792079999388
Slow,0,43,12,74,20690984,1,3,OK,-120.0,0.8825644579992513,0.9070079999983136,1,,,baseline_checkpoint,True,False,False,-120.0,0.8825644579992513,1,0.9070079999983136
Slow,0,43,12,74,20690984,1,4,OK,-120.0,0.6377346669996768,0.6597031249993961,1,,,sensitivity_run,True,False,False,-120.0,0.6377346669996768,1,0.6597031249993961
Slow,0,43,12,74,20690984,1,5,OK,-120.0,0.6543811660003485,0.6767799169992941,1,,,sensitivity_run,True,False,False,-120.0,0.6543811660003485,1,0.6767799169992941
Slow,0,43,12,74,20690984,2,3,OK,-180.0,1.463599124999746,1.485761416999594,5,,,sensitivity_run,True,False,False,-180.0,1.463599124999746,5,1.485761416999594
Slow,0,43,12,74,20690984,3,3,OK,-230.0,0.1632966249999299,0.1858214160001807,0,,,sensitivity_run,True,False,False,-230.0,0.1632966249999299,0,0.1858214160001807
Slow,0,43,12,75,20690985,1,3,OK,-145.0,0.5522064159995352,0.5765081669997016,2,,,baseline_checkpoint,True,False,False,-145.0,0.5522064159995352,2,0.5765081669997016
Slow,0,43,12,75,20690985,1,4,OK,-145.0,0.5673283330006598,0.5891967919997114,2,,,sensitivity_run,True,False,False,-145.0,0.5673283330006598,2,0.5891967919997114
Slow,0,43,12,75,20690985,1,5,OK,-145.0,0.5673175409992837,0.5895017499997266,2,,,sensitivity_run,True,False,False,-145.0,0.5673175409992837,2,0.5895017499997266
Slow,0,43,12,75,20690985,2,3,OK,-195.0,1.1734379170002285,1.1954246670002249,3,,,sensitivity_run,True,False,False,-195.0,1.1734379170002285,3,1.1954246670002249
Slow,0,43,12,75,20690985,3,3,OK,-230.0,0.1897504580001623,0.2119944999994913,0,,,sensitivity_run,True,False,False,-230.0,0.1897504580001623,0,0.2119944999994913
Slow,0,43,12,76,20690986,1,3,OK,50.0,1.2782407920021797,1.3030826249996608,5,,,baseline_checkpoint,True,False,False,50.0,1.2782407920021797,5,1.3030826249996608
Slow,0,43,12,76,20690986,1,4,OK,-65.0,0.5176361249996262,0.5402420410000559,2,,,sensitivity_run,True,False,False,-65.0,0.5176361249996262,2,0.5402420410000559
Slow,0,43,12,76,20690986,1,5,OK,-65.0,0.177545167000062,0.1994680830002835,0,,,sensitivity_run,True,False,False,-65.0,0.177545167000062,0,0.1994680830002835
Slow,0,43,12,76,20690986,2,3,OK,-115.0,0.5105313330004719,0.533460040999671,2,,,sensitivity_run,True,False,False,-115.0,0.5105313330004719,2,0.533460040999671
Slow,0,43,12,76,20690986,3,3,OK,-150.0,0.5471845409992966,0.5693763330000365,2,,,sensitivity_run,True,False,False,-150.0,0.5471845409992966,2,0.5693763330000365
Slow,0,43,12,77,20690987,1,3,OK,-105.0,0.3681304170022486,0.3925264999998035,1,,,baseline_checkpoint,True,False,False,-105.0,0.3681304170022486,1,0.3925264999998035
Slow,0,43,12,77,20690987,1,4,OK,-105.0,0.6437258750002002,0.666553500000191,2,,,sensitivity_run,True,False,False,-105.0,0.6437258750002002,2,0.666553500000191
Slow,0,43,12,77,20690987,1,5,OK,-105.0,0.2508808749998934,0.2731478749992675,0,,,sensitivity_run,True,False,False,-105.0,0.2508808749998934,0,0.2731478749992675
Slow,0,43,12,77,20690987,2,3,OK,-180.0,0.5556441250000717,0.5778309170000284,2,,,sensitivity_run,True,False,False,-180.0,0.5556441250000717,2,0.5778309170000284
Slow,0,43,12,77,20690987,3,3,OK,-230.0,0.3030913330003386,0.3248542920000545,0,,,sensitivity_run,True,False,False,-230.0,0.3030913330003386,0,0.3248542920000545
Slow,0,43,12,78,20690988,1,3,OK,-65.0,0.5472657500031346,0.5717952500017418,2,,,baseline_checkpoint,True,False,False,-65.0,0.5472657500031346,2,0.5717952500017418
Slow,0,43,12,78,20690988,1,4,OK,-105.0,0.5553974590002326,0.5771992500003762,2,,,sensitivity_run,True,False,False,-105.0,0.5553974590002326,2,0.5771992500003762
Slow,0,43,12,78,20690988,1,5,OK,-105.0,0.5545139169998947,0.5767703330002405,2,,,sensitivity_run,True,False,False,-105.0,0.5545139169998947,2,0.5767703330002405
Slow,0,43,12,78,20690988,2,3,OK,-180.0,0.185038457999326,0.2073247920006906,0,,,sensitivity_run,True,False,False,-180.0,0.185038457999326,0,0.2073247920006906
Slow,0,43,12,78,20690988,3,3,OK,-230.0,0.21316566600035,0.2346220000008543,0,,,sensitivity_run,True,False,False,-230.0,0.21316566600035,0,0.2346220000008543
Slow,0,43,12,79,20690989,1,3,OK,35.0,0.1606200840033125,0.1857112089965085,0,,,baseline_checkpoint,True,False,False,35.0,0.1606200840033125,0,0.1857112089965085
Slow,0,43,12,79,20690989,1,4,OK,-65.0,0.4501486669996666,0.4723730409996278,2,,,sensitivity_run,True,False,False,-65.0,0.4501486669996666,2,0.4723730409996278
Slow,0,43,12,79,20690989,1,5,OK,-65.0,0.2937988749999931,0.3156971250000424,1,,,sensitivity_run,True,False,False,-65.0,0.2937988749999931,1,0.3156971250000424
Slow,0,43,12,79,20690989,2,3,OK,-115.0,2.2445288339995386,2.2669578750001165,14,,,sensitivity_run,True,False,False,-115.0,2.2445288339995386,14,2.2669578750001165
Slow,0,43,12,79,20690989,3,3,OK,-175.0,0.1490739169994412,0.1708575419997942,0,,,sensitivity_run,True,False,False,-175.0,0.1490739169994412,0,0.1708575419997942
Slow,0,43,12,80,20690990,1,3,OK,-105.0,0.1833589169982588,0.2076414170005591,0,,,baseline_checkpoint,True,False,False,-105.0,0.1833589169982588,0,0.2076414170005591
Slow,0,43,12,80,20690990,1,4,OK,-105.0,0.1841888330000074,0.2059425839997857,0,,,sensitivity_run,True,False,False,-105.0,0.1841888330000074,0,0.2059425839997857
Slow,0,43,12,80,20690990,1,5,OK,-105.0,0.1858878749999348,0.2078940420005892,0,,,sensitivity_run,True,False,False,-105.0,0.1858878749999348,0,0.2078940420005892
Slow,0,43,12,80,20690990,2,3,OK,-155.0,0.3546295830001327,0.3766217909997067,0,,,sensitivity_run,True,False,False,-155.0,0.3546295830001327,0,0.3766217909997067
Slow,0,43,12,80,20690990,3,3,OK,-190.0,0.2382676670004002,0.2606335000000399,0,,,sensitivity_run,True,False,False,-190.0,0.2382676670004002,0,0.2606335000000399
Slow,0,43,12,81,20690991,1,3,OK,-65.0,4.961659500000678,4.986299166997924,20,,,baseline_checkpoint,True,False,False,-65.0,4.961659500000678,20,4.986299166997924
Slow,0,43,12,81,20690991,1,4,OK,-80.0,1.644507292000526,1.6667594169994118,6,,,sensitivity_run,True,False,False,-80.0,1.644507292000526,6,1.6667594169994118
Slow,0,43,12,81,20690991,1,5,OK,-80.0,0.5681633329995748,0.5902930840002227,1,,,sensitivity_run,True,False,False,-80.0,0.5681633329995748,1,0.5902930840002227
Slow,0,43,12,81,20690991,2,3,OK,-155.0,0.6294840410000688,0.6515123750004932,2,,,sensitivity_run,True,False,False,-155.0,0.6294840410000688,2,0.6515123750004932
Slow,0,43,12,81,20690991,3,3,OK,-205.0,0.7425952909998159,0.7647301670003799,1,,,sensitivity_run,True,False,False,-205.0,0.7425952909998159,1,0.7647301670003799
Slow,0,43,12,82,20690992,1,3,OK,-105.0,0.5443945419974625,0.5691798750012822,2,,,baseline_checkpoint,True,False,False,-105.0,0.5443945419974625,2,0.5691798750012822
Slow,0,43,12,82,20690992,1,4,OK,-105.0,0.3693643750002593,0.3915212910005721,1,,,sensitivity_run,True,False,False,-105.0,0.3693643750002593,1,0.3915212910005721
Slow,0,43,12,82,20690992,1,5,OK,-105.0,0.3750687919991833,0.3973764590000428,1,,,sensitivity_run,True,False,False,-105.0,0.3750687919991833,1,0.3973764590000428
Slow,0,43,12,82,20690992,2,3,OK,-155.0,0.8997959159996753,0.92193720799969,3,,,sensitivity_run,True,False,False,-155.0,0.8997959159996753,3,0.92193720799969
Slow,0,43,12,82,20690992,3,3,OK,-230.0,0.7742188330003046,0.8080958750006175,2,,,sensitivity_run,True,False,False,-230.0,0.7742188330003046,2,0.8080958750006175
Slow,0,43,12,83,20690993,1,3,OK,-120.0,0.3138241250017017,0.3382568750021164,1,,,baseline_checkpoint,True,False,False,-120.0,0.3138241250017017,1,0.3382568750021164
Slow,0,43,12,83,20690993,1,4,OK,-120.0,0.2305465830004323,0.2526230409994241,0,,,sensitivity_run,True,False,False,-120.0,0.2305465830004323,0,0.2526230409994241
Slow,0,43,12,83,20690993,1,5,OK,-120.0,0.5573405830000411,0.5791900839994923,1,,,sensitivity_run,True,False,False,-120.0,0.5573405830000411,1,0.5791900839994923
Slow,0,43,12,83,20690993,2,3,OK,-180.0,0.521340541000427,0.5439832920001209,2,,,sensitivity_run,True,False,False,-180.0,0.521340541000427,2,0.5439832920001209
Slow,0,43,12,83,20690993,3,3,OK,-230.0,0.3173485419993085,0.3391894999995202,0,,,sensitivity_run,True,False,False,-230.0,0.3173485419993085,0,0.3391894999995202
Slow,0,43,12,84,20690994,1,3,OK,-145.0,0.4082494159993075,0.432636707999336,1,,,baseline_checkpoint,True,False,False,-145.0,0.4082494159993075,1,0.432636707999336
Slow,0,43,12,84,20690994,1,4,OK,-145.0,1.312230874999841,1.333956415999637,4,,,sensitivity_run,True,False,False,-145.0,1.312230874999841,4,1.333956415999637
Slow,0,43,12,84,20690994,1,5,OK,-145.0,0.4625214580000829,0.4845752500004892,1,,,sensitivity_run,True,False,False,-145.0,0.4625214580000829,1,0.4845752500004892
Slow,0,43,12,84,20690994,2,3,OK,-220.0,0.7251324169992586,0.7471502090002105,2,,,sensitivity_run,True,False,False,-220.0,0.7251324169992586,2,0.7471502090002105
Slow,0,43,12,84,20690994,3,3,OK,-255.0,0.2087509170005432,0.2309919580002315,0,,,sensitivity_run,True,False,False,-255.0,0.2087509170005432,0,0.2309919580002315
Slow,0,43,12,85,20690995,1,3,OK,-105.0,0.3434199579969572,0.368307000000641,1,,,baseline_checkpoint,True,False,False,-105.0,0.3434199579969572,1,0.368307000000641
Slow,0,43,12,85,20690995,1,4,OK,-105.0,0.3421096250003756,0.3640768750001371,1,,,sensitivity_run,True,False,False,-105.0,0.3421096250003756,1,0.3640768750001371
Slow,0,43,12,85,20690995,1,5,OK,-105.0,0.3129836250000153,0.3349116670005969,1,,,sensitivity_run,True,False,False,-105.0,0.3129836250000153,1,0.3349116670005969
Slow,0,43,12,85,20690995,2,3,OK,-170.0,0.1604680830005236,0.1829727499998625,0,,,sensitivity_run,True,False,False,-170.0,0.1604680830005236,0,0.1829727499998625
Slow,0,43,12,85,20690995,3,3,OK,-205.0,0.2441893340001115,0.2660288329998366,0,,,sensitivity_run,True,False,False,-205.0,0.2441893340001115,0,0.2660288329998366
Slow,0,43,12,86,20690996,1,3,OK,-160.0,0.3500829580007121,0.3748632089991588,0,,,baseline_checkpoint,True,False,False,-160.0,0.3500829580007121,0,0.3748632089991588
Slow,0,43,12,86,20690996,1,4,OK,-160.0,0.3211482079996131,0.3433826660002523,0,,,sensitivity_run,True,False,False,-160.0,0.3211482079996131,0,0.3433826660002523
Slow,0,43,12,86,20690996,1,5,OK,-160.0,0.3661097499998504,0.388245499999357,0,,,sensitivity_run,True,False,False,-160.0,0.3661097499998504,0,0.388245499999357
Slow,0,43,12,86,20690996,2,3,OK,-235.0,0.1607989590002034,0.1830484580004849,0,,,sensitivity_run,True,False,False,-235.0,0.1607989590002034,0,0.1830484580004849
Slow,0,43,12,86,20690996,3,3,OK,-270.0,0.1771719170001233,0.1988536250000834,0,,,sensitivity_run,True,False,False,-270.0,0.1771719170001233,0,0.1988536250000834
Slow,0,43,12,87,20690997,1,3,OK,-65.0,0.3819550840016745,0.405975749999925,1,,,baseline_checkpoint,True,False,False,-65.0,0.3819550840016745,1,0.405975749999925
Slow,0,43,12,87,20690997,1,4,OK,-65.0,0.6007380000000921,0.6223052909999751,3,,,sensitivity_run,True,False,False,-65.0,0.6007380000000921,3,0.6223052909999751
Slow,0,43,12,87,20690997,1,5,OK,-65.0,1.95691270899988,1.9791155829998388,9,,,sensitivity_run,True,False,False,-65.0,1.95691270899988,9,1.9791155829998388
Slow,0,43,12,87,20690997,2,3,OK,-140.0,0.1843573750002178,0.2065028749993871,0,,,sensitivity_run,True,False,False,-140.0,0.1843573750002178,0,0.2065028749993871
Slow,0,43,12,87,20690997,3,3,OK,-190.0,0.3153334580001683,0.337331957999595,0,,,sensitivity_run,True,False,False,-190.0,0.3153334580001683,0,0.337331957999595
Slow,0,43,12,88,20690998,1,3,OK,-145.0,0.4744027499982621,0.498969666998164,2,,,baseline_checkpoint,True,False,False,-145.0,0.4744027499982621,2,0.498969666998164
Slow,0,43,12,88,20690998,1,4,OK,-145.0,0.4809804160004205,0.5029637919997185,2,,,sensitivity_run,True,False,False,-145.0,0.4809804160004205,2,0.5029637919997185
Slow,0,43,12,88,20690998,1,5,OK,-145.0,0.4811777499999152,0.5039560420000271,2,,,sensitivity_run,True,False,False,-145.0,0.4811777499999152,2,0.5039560420000271
Slow,0,43,12,88,20690998,2,3,OK,-180.0,0.6611095830003251,0.6834120419998726,2,,,sensitivity_run,True,False,False,-180.0,0.6611095830003251,2,0.6834120419998726
Slow,0,43,12,88,20690998,3,3,OK,-190.0,0.285195792000195,0.3071372500007783,0,,,sensitivity_run,True,False,False,-190.0,0.285195792000195,0,0.3071372500007783
Slow,0,43,12,89,20690999,1,3,OK,-65.0,0.1853387500013923,0.2098649170002318,0,,,baseline_checkpoint,True,False,False,-65.0,0.1853387500013923,0,0.2098649170002318
Slow,0,43,12,89,20690999,1,4,OK,-65.0,0.1877785829992717,0.2095568340000682,0,,,sensitivity_run,True,False,False,-65.0,0.1877785829992717,0,0.2095568340000682
Slow,0,43,12,89,20690999,1,5,OK,-65.0,0.190352375000657,0.2133441250007308,0,,,sensitivity_run,True,False,False,-65.0,0.190352375000657,0,0.2133441250007308
Slow,0,43,12,89,20690999,2,3,OK,-115.0,0.1877744579996942,0.2098007089998645,0,,,sensitivity_run,True,False,False,-115.0,0.1877744579996942,0,0.2098007089998645
Slow,0,43,12,89,20690999,3,3,OK,-115.0,0.1866243750000649,0.2084231250000812,0,,,sensitivity_run,True,False,False,-115.0,0.1866243750000649,0,0.2084231250000812
Slow,0,43,12,90,20691000,1,3,OK,-160.0,0.4379821670008823,0.4625586250003834,2,,,baseline_checkpoint,True,False,False,-160.0,0.4379821670008823,2,0.4625586250003834
Slow,0,43,12,90,20691000,1,4,OK,-160.0,0.4386182500002178,0.4605510000001231,2,,,sensitivity_run,True,False,False,-160.0,0.4386182500002178,2,0.4605510000001231
Slow,0,43,12,90,20691000,1,5,OK,-160.0,0.4401741669998955,0.46237179200034,2,,,sensitivity_run,True,False,False,-160.0,0.4401741669998955,2,0.46237179200034
Slow,0,43,12,90,20691000,2,3,OK,-220.0,0.7250949170002059,0.7471162920001007,2,,,sensitivity_run,True,False,False,-220.0,0.7250949170002059,2,0.7471162920001007
Slow,0,43,12,90,20691000,3,3,OK,-270.0,0.1709135410001181,0.1925292089999857,0,,,sensitivity_run,True,False,False,-270.0,0.1709135410001181,0,0.1925292089999857
Slow,0,43,12,91,20691001,1,3,OK,-145.0,0.9829831250026472,1.0079990410013124,3,,,baseline_checkpoint,True,False,False,-145.0,0.9829831250026472,3,1.0079990410013124
Slow,0,43,12,91,20691001,1,4,OK,-145.0,0.7741435829993861,0.7962407089999033,2,,,sensitivity_run,True,False,False,-145.0,0.7741435829993861,2,0.7962407089999033
Slow,0,43,12,91,20691001,1,5,OK,-145.0,0.3641187499997613,0.3862350839999635,0,,,sensitivity_run,True,False,False,-145.0,0.3641187499997613,0,0.3862350839999635
Slow,0,43,12,91,20691001,2,3,OK,-220.0,0.4777273750005406,0.5002874169995266,1,,,sensitivity_run,True,False,False,-220.0,0.4777273750005406,1,0.5002874169995266
Slow,0,43,12,91,20691001,3,3,OK,-255.0,1.0839830419999998,1.1206857500001206,3,,,sensitivity_run,True,False,False,-255.0,1.0839830419999998,3,1.1206857500001206
Slow,0,43,12,92,20691002,1,3,OK,-105.0,0.375172708001628,0.3996278339982382,1,,,baseline_checkpoint,True,False,False,-105.0,0.375172708001628,1,0.3996278339982382
Slow,0,43,12,92,20691002,1,4,OK,-105.0,0.3814947920000122,0.4034022910000203,1,,,sensitivity_run,True,False,False,-105.0,0.3814947920000122,1,0.4034022910000203
Slow,0,43,12,92,20691002,1,5,OK,-105.0,0.3950862080000661,0.4174115420000817,2,,,sensitivity_run,True,False,False,-105.0,0.3950862080000661,2,0.4174115420000817
Slow,0,43,12,92,20691002,2,3,OK,-155.0,0.3390627919998223,0.3620180830002937,0,,,sensitivity_run,True,False,False,-155.0,0.3390627919998223,0,0.3620180830002937
Slow,0,43,12,92,20691002,3,3,OK,-155.0,0.3131998749995546,0.3350582499997472,0,,,sensitivity_run,True,False,False,-155.0,0.3131998749995546,0,0.3350582499997472
Slow,0,43,12,93,20691003,1,3,OK,-5.0,0.1582922500019776,0.1823617499976535,0,,,baseline_checkpoint,True,False,False,-5.0,0.1582922500019776,0,0.1823617499976535
Slow,0,43,12,93,20691003,1,4,OK,-105.0,0.1587904999996681,0.1807415410003159,0,,,sensitivity_run,True,False,False,-105.0,0.1587904999996681,0,0.1807415410003159
Slow,0,43,12,93,20691003,1,5,OK,-105.0,0.1596635420000893,0.1818580830004066,0,,,sensitivity_run,True,False,False,-105.0,0.1596635420000893,0,0.1818580830004066
Slow,0,43,12,93,20691003,2,3,OK,-155.0,0.3180414580001525,0.340203042000212,1,,,sensitivity_run,True,False,False,-155.0,0.3180414580001525,1,0.340203042000212
Slow,0,43,12,93,20691003,3,3,OK,-190.0,0.160754249999627,0.1825383329996839,0,,,sensitivity_run,True,False,False,-190.0,0.160754249999627,0,0.1825383329996839
Slow,0,43,12,94,20691004,1,3,OK,-80.0,0.3745250000029045,0.3994692910018784,0,,,baseline_checkpoint,True,False,False,-80.0,0.3745250000029045,0,0.3994692910018784
Slow,0,43,12,94,20691004,1,4,OK,-80.0,0.3434267499997077,0.3654910840004959,0,,,sensitivity_run,True,False,False,-80.0,0.3434267499997077,0,0.3654910840004959
Slow,0,43,12,94,20691004,1,5,OK,-80.0,0.4245627500004048,0.4465925000004063,0,,,sensitivity_run,True,False,False,-80.0,0.4245627500004048,0,0.4465925000004063
Slow,0,43,12,94,20691004,2,3,OK,-155.0,0.6826930830002311,0.7050876249995781,1,,,sensitivity_run,True,False,False,-155.0,0.6826930830002311,1,0.7050876249995781
Slow,0,43,12,94,20691004,3,3,OK,-205.0,0.3265687920002165,0.348307415999443,0,,,sensitivity_run,True,False,False,-205.0,0.3265687920002165,0,0.348307415999443
Slow,0,43,12,95,20691005,1,3,OK,-65.0,1.8453823339987137,1.8696098750006056,6,,,baseline_checkpoint,True,False,False,-65.0,1.8453823339987137,6,1.8696098750006056
Slow,0,43,12,95,20691005,1,4,OK,-65.0,0.7413772919999246,0.7636116670000774,3,,,sensitivity_run,True,False,False,-65.0,0.7413772919999246,3,0.7636116670000774
Slow,0,43,12,95,20691005,1,5,OK,-65.0,0.7392782500000976,0.7612955419999707,3,,,sensitivity_run,True,False,False,-65.0,0.7392782500000976,3,0.7612955419999707
Slow,0,43,12,95,20691005,2,3,OK,-115.0,0.5764171249993524,0.5988859589997446,2,,,sensitivity_run,True,False,False,-115.0,0.5764171249993524,2,0.5988859589997446
Slow,0,43,12,95,20691005,3,3,OK,-115.0,0.5784665000001041,0.6001304589999563,2,,,sensitivity_run,True,False,False,-115.0,0.5784665000001041,2,0.6001304589999563
Slow,0,43,12,96,20691006,1,3,OK,-160.0,0.3633793330009212,0.3877599999977974,1,,,baseline_checkpoint,True,False,False,-160.0,0.3633793330009212,1,0.3877599999977974
Slow,0,43,12,96,20691006,1,4,OK,-160.0,0.394338291999702,0.4480226250007035,1,,,sensitivity_run,True,False,False,-160.0,0.394338291999702,1,0.4480226250007035
Slow,0,43,12,96,20691006,1,5,OK,-160.0,0.3754398330002004,0.3974191249999421,1,,,sensitivity_run,True,False,False,-160.0,0.3754398330002004,1,0.3974191249999421
Slow,0,43,12,96,20691006,2,3,OK,-210.0,0.2971485420002864,0.3200310420006644,0,,,sensitivity_run,True,False,False,-210.0,0.2971485420002864,0,0.3200310420006644
Slow,0,43,12,96,20691006,3,3,OK,-210.0,0.3040782090001812,0.3259557080000377,0,,,sensitivity_run,True,False,False,-210.0,0.3040782090001812,0,0.3259557080000377
Slow,0,43,12,97,20691007,1,3,OK,-105.0,0.3005332499997166,0.3253314999965369,0,,,baseline_checkpoint,True,False,False,-105.0,0.3005332499997166,0,0.3253314999965369
Slow,0,43,12,97,20691007,1,4,OK,-105.0,0.3234730829999535,0.3461165409999012,0,,,sensitivity_run,True,False,False,-105.0,0.3234730829999535,0,0.3461165409999012
Slow,0,43,12,97,20691007,1,5,OK,-105.0,0.2599288339997656,0.2820657909996953,0,,,sensitivity_run,True,False,False,-105.0,0.2599288339997656,0,0.2820657909996953
Slow,0,43,12,97,20691007,2,3,OK,-155.0,1.088985708999644,1.111721999999645,3,,,sensitivity_run,True,False,False,-155.0,1.088985708999644,3,1.111721999999645
Slow,0,43,12,97,20691007,3,3,OK,-190.0,0.6344259159996,0.6564150000003792,1,,,sensitivity_run,True,False,False,-190.0,0.6344259159996,1,0.6564150000003792
Slow,0,43,12,98,20691008,1,3,OK,-145.0,0.7840591249987483,0.8084950410011515,4,,,baseline_checkpoint,True,False,False,-145.0,0.7840591249987483,4,0.8084950410011515
Slow,0,43,12,98,20691008,1,4,OK,-145.0,0.7964505830004782,0.8183705000001282,4,,,sensitivity_run,True,False,False,-145.0,0.7964505830004782,4,0.8183705000001282
Slow,0,43,12,98,20691008,1,5,OK,-145.0,0.8002211249995526,0.8222458330001245,4,,,sensitivity_run,True,False,False,-145.0,0.8002211249995526,4,0.8222458330001245
Slow,0,43,12,98,20691008,2,3,OK,-180.0,0.6231522910002241,0.6457925839995369,1,,,sensitivity_run,True,False,False,-180.0,0.6231522910002241,1,0.6457925839995369
Slow,0,43,12,98,20691008,3,3,OK,-230.0,0.1878899169996657,0.2100120830000378,0,,,sensitivity_run,True,False,False,-230.0,0.1878899169996657,0,0.2100120830000378
Slow,0,43,12,99,20691009,1,3,OK,-105.0,0.3413069999987783,0.3662030000014056,2,,,baseline_checkpoint,True,False,False,-105.0,0.3413069999987783,2,0.3662030000014056
Slow,0,43,12,99,20691009,1,4,OK,-105.0,0.3498275409992857,0.3866650829995706,2,,,sensitivity_run,True,False,False,-105.0,0.3498275409992857,2,0.3866650829995706
Slow,0,43,12,99,20691009,1,5,OK,-105.0,0.3446914579999429,0.3663292499995805,2,,,sensitivity_run,True,False,False,-105.0,0.3446914579999429,2,0.3663292499995805
Slow,0,43,12,99,20691009,2,3,OK,-195.0,0.5234241250000196,0.5461791249999806,2,,,sensitivity_run,True,False,False,-195.0,0.5234241250000196,2,0.5461791249999806
Slow,0,43,12,99,20691009,3,3,OK,-195.0,0.5254985419996956,0.548214000000371,2,,,sensitivity_run,True,False,False,-195.0,0.5254985419996956,2,0.548214000000371
Slow,0,43,12,100,20691010,1,3,OK,-105.0,0.3122042079994571,0.3369327079999493,0,,,baseline_checkpoint,True,False,False,-105.0,0.3122042079994571,0,0.3369327079999493
Slow,0,43,12,100,20691010,1,4,OK,-105.0,0.4916560420006135,0.5135148340004889,2,,,sensitivity_run,True,False,False,-105.0,0.4916560420006135,2,0.5135148340004889
Slow,0,43,12,100,20691010,1,5,OK,-105.0,0.297691875000055,0.3193430840001383,0,,,sensitivity_run,True,False,False,-105.0,0.297691875000055,0,0.3193430840001383
Slow,0,43,12,100,20691010,2,3,OK,-195.0,0.2718955829996048,0.2942182090000642,0,,,sensitivity_run,True,False,False,-195.0,0.2718955829996048,0,0.2942182090000642
Slow,0,43,12,100,20691010,3,3,OK,-230.0,0.9881257080005524,1.0356179579994205,3,,,sensitivity_run,True,False,False,-230.0,0.9881257080005524,3,1.0356179579994205
